url,page_type,page_title,meta_description,canonical_url,robots_directive,h1,primary_topic,location_target,course_target,detected_ctas,internal_links_count,content_status,seo_priority,notes,discovery_source,fetch_attempted,http_status,final_url,redirect_chain,fetch_status,evidence_status,last_checked_at
"https://www.asdm.co.in/","homepage","Digital Marketing Course in Ahmedabad with AI | ASDM Institute","Join ASDM’s practical Digital Marketing Course in Ahmedabad covering SEO, Google Ads, Social Media, AI tools and live projects. Explore curriculum, batches, fees and placement assistance.","https://www.asdm.co.in/","index, follow","ASDM Offers Award Wining Digital Marketing Course in Ahmedabad. With 100% job Opportunity in top agency.","Digital Marketing & AI","Ahmedabad","Digital Marketing","Inquiry Now; Call Now; Whatsapp; Apply Now; Download Brochure",8,"EXISTING","CRITICAL","Primary homepage serving as lead generation hub for Ahmedabad.","navigation",true,200,"https://www.asdm.co.in/","","FETCHED","PAGE VERIFIED",2026-08-01T13:24:00+05:30
"https://www.asdm.co.in/about-us","about","About ASDM Institute (Ahmedabad School Of Digital Marketing)","Learn Digital Marketing In Ahmedabad, Vadodara, Surat. We are Providing 100% Job Placement After Completion the Program Also Learn Lead Generation Freelancing In Ahmedabad, Vadodara, surat","https://www.asdm.co.in/about-us","index, follow","We have trained Students and we take immense pride in shaping them.","ASDM history and team","Ahmedabad; Vadodara; Surat","None","Brochure; Call; Whatsapp; Submit Now!",6,"REWRITE CANDIDATE","HIGH","About page. Contains spelling and grammatical issues.","navigation",true,200,"https://www.asdm.co.in/about-us","","FETCHED","PAGE VERIFIED",2026-08-01T13:24:00+05:30
"https://www.asdm.co.in/digital-marketing-course-in-surat","location","Digital Marketing Course in Surat with AI Training & 100% Placement | ASDM Surat","Join Digital Marketing Course in Surat with AI training, live projects, and 100% placement support. Book your free demo at ASDM Institute today limited seats available.","https://www.asdm.co.in/digital-marketing-course-in-surat","index, follow","Looking for the best Digital Marketing Course in Surat where you learn practical skills, work on real projects, and become job-ready?","Digital Marketing & AI","Surat","Digital Marketing","Book Free Career Strategy Session; Download Brochure; APPLY NOW",7,"EXISTING","CRITICAL","Local landing page for Surat campus.","navigation",true,200,"https://www.asdm.co.in/digital-marketing-course-in-surat","","FETCHED","PAGE VERIFIED",2026-08-01T13:24:00+05:30
"https://www.asdm.co.in/placement","placement","ASDM Provide 100% Placement In Ahmedabad | Vadodara | Surat","ASDM Provide 100% Placement In Ahmedabad | Vadodara | Surat","https://www.asdm.co.in/placement","index, follow","70% Top Digital Marketing agency's senior Digital Marketers belongs to ASDM.","Placements & Student Outcomes","Ahmedabad; Vadodara; Surat","None","Start Learning Now; Enquire Now; Call Now; Whatsapp",6,"REWRITE CANDIDATE","HIGH","Placement outcomes page. Includes grammatical errors.","navigation",true,200,"https://www.asdm.co.in/placement","","FETCHED","PAGE VERIFIED",2026-08-01T13:24:00+05:30
"https://www.asdm.co.in/contact-us","contact","Get in Touch with ASDM Institute for any Inquiry","Contact ASDM Institute for course enquiries, demo sessions, fees details, placement support, and career guidance from industry experts.","https://www.asdm.co.in/contact-us","index, follow","Get in Touch with ASDM Institute for any Inquiry","Contact information","Ahmedabad (HO); Naroda; Surat","None","Submit Now!; Find Location On Map",5,"EXISTING","MEDIUM","Contact info for all campuses.","navigation",true,200,"https://www.asdm.co.in/contact-us","","FETCHED","PAGE VERIFIED",2026-08-01T13:24:00+05:30
"https://www.asdm.co.in/blog/fake-vs-real-digital-marketing-institutes-in-ahmedabad/","blog-article","Fake vs Real Digital Marketing Institutes in Ahmedabad","Learn how to distinguish between genuine and fake digital marketing institutes in Ahmedabad.","","","Fake vs Real Digital Marketing Institutes in Ahmedabad","Education Guidance","Ahmedabad","","",,"NEEDS MANUAL REVIEW","MEDIUM","WordPress blog post.","sitemap",true,200,"https://www.asdm.co.in/blog/fake-vs-real-digital-marketing-institutes-in-ahmedabad/","","FETCHED","METADATA VERIFIED",2026-08-01T13:24:00+05:30
"https://www.asdm.co.in/blog/best-areas-in-ahmedabad-to-learn-digital-marketing/","blog-article","","","","","","","","","",,"NEEDS MANUAL REVIEW","MEDIUM","WordPress blog post.","sitemap",false,,"","","NOT FETCHED","SITEMAP ONLY",2026-08-01T13:24:00+05:30
"https://www.asdm.co.in/blog/offline-vs-online-digital-marketing-courses-in-ahmedabad/","blog-article","","","","","","","","","",,"NEEDS MANUAL REVIEW","MEDIUM","WordPress blog post.","sitemap",false,,"","","NOT FETCHED","SITEMAP ONLY",2026-08-01T13:24:00+05:30
"https://www.asdm.co.in/blog/questions-to-ask-before-joining-a-digital-marketing-course-in-surat/","blog-article","Questions to Ask Before Joining a Digital Marketing Course in Surat","Guidelines for prospective students in Surat looking to select a training institute.","","","Questions to Ask Before Joining a Digital Marketing Course in Surat","Education Guidance","Surat","","",,"NEEDS MANUAL REVIEW","MEDIUM","WordPress blog post.","sitemap",true,200,"https://www.asdm.co.in/blog/questions-to-ask-before-joining-a-digital-marketing-course-in-surat/","","FETCHED","METADATA VERIFIED",2026-08-01T13:24:00+05:30
"https://www.asdm.co.in/blog/","blog-index","ASDM Digital Marketing Blogs -","Read the latest Digital Marketing blogs and updates from ASDM.","https://www.asdm.co.in/blog/","index, follow","ASDM Digital Marketing Blogs","Blog Feed","None","None","Read Blogs",40,"EXISTING","MEDIUM","Blog index. Managed via WordPress.","footer",true,200,"https://www.asdm.co.in/blog/","","FETCHED","PAGE VERIFIED",2026-08-01T13:24:00+05:30
"https://www.asdm.co.in/faq","faq","Frequently Asked Questions For Digital Marketing Course","Find answers to common questions about ASDM’s courses, placements, and eligibility.","https://www.asdm.co.in/faq","index, follow","Frequently Asked Questions For Digital Marketing Course","FAQs","Ahmedabad; Surat","None","Inquiry Now; Call Now; Whatsapp; Brochure",6,"MERGE CANDIDATE","MEDIUM","FAQ page containing general questions.","footer",true,200,"https://www.asdm.co.in/faq","","FETCHED","PAGE VERIFIED",2026-08-01T13:24:00+05:30
"https://www.asdm.co.in/blog/skill-development-courses-after-12th/","blog-article","","","","","","","","","",,"NEEDS MANUAL REVIEW","MEDIUM","WordPress blog post.","sitemap",false,,"","","NOT FETCHED","SITEMAP ONLY",2026-08-01T13:24:00+05:30
"https://www.asdm.co.in/blog/digital-marketing-career-in-ahmedabad/","blog-article","Digital Marketing Career Scope in Ahmedabad","Explore job opportunities and career growth in digital marketing in Ahmedabad.","","","Digital Marketing Career Scope in Ahmedabad","Career Advice","Ahmedabad","","",,"NEEDS MANUAL REVIEW","MEDIUM","WordPress blog post.","sitemap",true,200,"https://www.asdm.co.in/blog/digital-marketing-career-in-ahmedabad/","","FETCHED","METADATA VERIFIED",2026-08-01T13:24:00+05:30
"https://www.asdm.co.in/blog/digital-marketing-jobs-in-ahmedabad/","blog-article","","","","","","","","","",,"NEEDS MANUAL REVIEW","MEDIUM","WordPress blog post.","sitemap",false,,"","","NOT FETCHED","SITEMAP ONLY",2026-08-01T13:24:00+05:30
"https://www.asdm.co.in/blog/digital-marketing-salary-in-ahmedabad/","blog-article","","","","","","","","","",,"NEEDS MANUAL REVIEW","MEDIUM","WordPress blog post.","sitemap",false,,"","","NOT FETCHED","SITEMAP ONLY",2026-08-01T13:24:00+05:30
"https://www.asdm.co.in/blog/category/digital-marketing/","blog-category","","","","","","","","","",,"NEEDS MANUAL REVIEW","LOW","WordPress blog category archive.","sitemap",false,,"","","NOT FETCHED","SITEMAP ONLY",2026-08-01T13:24:00+05:30
"https://www.asdm.co.in/blog/how-to-get-your-first-digital-marketing-client-in-surat/","blog-article","","","","","","","","","",,"NEEDS MANUAL REVIEW","MEDIUM","WordPress blog post.","sitemap",false,,"","","NOT FETCHED","SITEMAP ONLY",2026-08-01T13:24:00+05:30
"https://www.asdm.co.in/blog/category/affiliate-marketing/","blog-category","","","","","","","","","",,"NEEDS MANUAL REVIEW","LOW","WordPress blog category archive.","sitemap",false,,"","","NOT FETCHED","SITEMAP ONLY",2026-08-01T13:24:00+05:30
"https://www.asdm.co.in/blog/category/asdm-updates/","blog-category","","","","","","","","","",,"NEEDS MANUAL REVIEW","LOW","WordPress blog category archive.","sitemap",false,,"","","NOT FETCHED","SITEMAP ONLY",2026-08-01T13:24:00+05:30
"https://www.asdm.co.in/blog/category/digital-marketng-career/","blog-category","","","","","","","","","",,"NEEDS MANUAL REVIEW","LOW","WordPress blog category archive.","sitemap",false,,"","","NOT FETCHED","SITEMAP ONLY",2026-08-01T13:24:00+05:30
"https://www.asdm.co.in/blog/category/seo/","blog-category","","","","","","","","","",,"NEEDS MANUAL REVIEW","LOW","WordPress blog category archive.","sitemap",false,,"","","NOT FETCHED","SITEMAP ONLY",2026-08-01T13:24:00+05:30
"https://www.asdm.co.in/blog/category/social-media/","blog-category","","","","","","","","","",,"NEEDS MANUAL REVIEW","LOW","WordPress blog category archive.","sitemap",false,,"","","NOT FETCHED","SITEMAP ONLY",2026-08-01T13:24:00+05:30
"https://www.asdm.co.in/blog/category/youtube/","blog-category","","","","","","","","","",,"NEEDS MANUAL REVIEW","LOW","WordPress blog category archive.","sitemap",false,,"","","NOT FETCHED","SITEMAP ONLY",2026-08-01T13:24:00+05:30
"https://www.asdm.co.in/blog/mba-vs-digital-marketing/","blog-article","","","","","","","","","",,"NEEDS MANUAL REVIEW","MEDIUM","WordPress blog post.","sitemap",false,,"","","NOT FETCHED","SITEMAP ONLY",2026-08-01T13:24:00+05:30
"https://www.asdm.co.in/blog/is-digital-marketing-a-good-career-in-surat/","blog-article","","","","","","","","","",,"NEEDS MANUAL REVIEW","MEDIUM","WordPress blog post.","sitemap",false,,"","","NOT FETCHED","SITEMAP ONLY",2026-08-01T13:24:00+05:30
"https://www.asdm.co.in/blog/digital-marketing-jobs-in-surat/","blog-article","","","","","","","","","",,"NEEDS MANUAL REVIEW","MEDIUM","WordPress blog post.","sitemap",false,,"","","NOT FETCHED","SITEMAP ONLY",2026-08-01T13:24:00+05:30
"https://www.asdm.co.in/blog/digital-marketing-salary-in-surat/","blog-article","","","","","","","","","",,"NEEDS MANUAL REVIEW","MEDIUM","WordPress blog post.","sitemap",false,,"","","NOT FETCHED","SITEMAP ONLY",2026-08-01T13:24:00+05:30
"https://www.asdm.co.in/blog/how-to-start-digital-marketing-after-12th/","blog-article","","","","","","","","","",,"NEEDS MANUAL REVIEW","MEDIUM","WordPress blog post.","sitemap",false,,"","","NOT FETCHED","SITEMAP ONLY",2026-08-01T13:24:00+05:30
"https://www.asdm.co.in/blog/digital-marketing-vs-data-science-career/","blog-article","","","","","","","","","",,"NEEDS MANUAL REVIEW","MEDIUM","WordPress blog post.","sitemap",false,,"","","NOT FETCHED","SITEMAP ONLY",2026-08-01T13:24:00+05:30
"https://www.asdm.co.in/blog/digital-marketing-career-without-coding/","blog-article","","","","","","","","","",,"NEEDS MANUAL REVIEW","MEDIUM","WordPress blog post.","sitemap",false,,"","","NOT FETCHED","SITEMAP ONLY",2026-08-01T13:24:00+05:30
"https://www.asdm.co.in/blog/seo-vs-digital-marketing-career-ahmedabad/","blog-article","","","","","","","","","",,"NEEDS MANUAL REVIEW","MEDIUM","WordPress blog post.","sitemap",false,,"","","NOT FETCHED","SITEMAP ONLY",2026-08-01T13:24:00+05:30
"https://www.asdm.co.in/blog/digital-marketing-skills-required-for-career-success/","blog-article","","","","","","","","","",,"NEEDS MANUAL REVIEW","MEDIUM","WordPress blog post.","sitemap",false,,"","","NOT FETCHED","SITEMAP ONLY",2026-08-01T13:24:00+05:30
"https://www.asdm.co.in/blog/best-career-options-after-bba/","blog-article","","","","","","","","","",,"NEEDS MANUAL REVIEW","MEDIUM","WordPress blog post.","sitemap",false,,"","","NOT FETCHED","SITEMAP ONLY",2026-08-01T13:24:00+05:30
"https://www.asdm.co.in/blog/digital-marketing-career-in-surat/","blog-article","","","","","","","","","",,"NEEDS MANUAL REVIEW","MEDIUM","WordPress blog post.","sitemap",false,,"","","NOT FETCHED","SITEMAP ONLY",2026-08-01T13:24:00+05:30
"https://www.asdm.co.in/blog/career-scope-of-digital-marketing/","blog-article","","","","","","","","","",,"NEEDS MANUAL REVIEW","MEDIUM","WordPress blog post.","sitemap",false,,"","","NOT FETCHED","SITEMAP ONLY",2026-08-01T13:24:00+05:30
"https://www.asdm.co.in/blog/why-digital-marketing-skills-in-ahmedabad-for-career-growth/","blog-article","","","","","","","","","",,"NEEDS MANUAL REVIEW","MEDIUM","WordPress blog post.","sitemap",false,,"","","NOT FETCHED","SITEMAP ONLY",2026-08-01T13:24:00+05:30
"https://www.asdm.co.in/blog/seo-vs-digital-marketing-course-in-surat/","blog-article","","","","","","","","","",,"NEEDS MANUAL REVIEW","MEDIUM","WordPress blog post.","sitemap",false,,"","","NOT FETCHED","SITEMAP ONLY",2026-08-01T13:24:00+05:30
"https://www.asdm.co.in/blog/can-12th-pass-students-join-digital-marketing-course-in-surat/","blog-article","","","","","","","","","",,"NEEDS MANUAL REVIEW","MEDIUM","WordPress blog post.","sitemap",false,,"","","NOT FETCHED","SITEMAP ONLY",2026-08-01T13:24:00+05:30
"https://www.asdm.co.in/blog/digital-marketing-for-housewife-in-ahmedabad/","blog-article","","","","","","","","","",,"NEEDS MANUAL REVIEW","MEDIUM","WordPress blog post.","sitemap",false,,"","","NOT FETCHED","SITEMAP ONLY",2026-08-01T13:24:00+05:30
"https://www.asdm.co.in/blog/how-ai-is-changing-digital-marketing-education-in-india/","blog-article","How AI is Changing Digital Marketing Education in India","An analysis of artificial intelligence integration in modern training programs.","","","How AI is Changing Digital Marketing Education in India","Industry Updates","None","","",,"NEEDS MANUAL REVIEW","MEDIUM","WordPress blog post.","sitemap",true,200,"https://www.asdm.co.in/blog/how-ai-is-changing-digital-marketing-education-in-india/","","FETCHED","METADATA VERIFIED",2026-08-01T13:24:00+05:30
"https://www.asdm.co.in/blog/practical-training-in-digital-marketing-course/","blog-article","","","","","","","","","",,"NEEDS MANUAL REVIEW","MEDIUM","WordPress blog post.","sitemap",false,,"","","NOT FETCHED","SITEMAP ONLY",2026-08-01T13:24:00+05:30
"https://www.asdm.co.in/blog/top-10-chrome-extensions-for-seo/","blog-article","","","","","","","","","",,"NEEDS MANUAL REVIEW","MEDIUM","WordPress blog post.","sitemap",false,,"","","NOT FETCHED","SITEMAP ONLY",2026-08-01T13:24:00+05:30
"https://www.asdm.co.in/blog/how-to-build-a-personal-brand-on-social-media/","blog-article","","","","","","","","","",,"NEEDS MANUAL REVIEW","MEDIUM","WordPress blog post.","sitemap",false,,"","","NOT FETCHED","SITEMAP ONLY",2026-08-01T13:24:00+05:30
"https://www.asdm.co.in/blog/top-5-free-analytics-tools-every-digital-marketer-should-use/","blog-article","","","","","","","","","",,"NEEDS MANUAL REVIEW","MEDIUM","WordPress blog post.","sitemap",false,,"","","NOT FETCHED","SITEMAP ONLY",2026-08-01T13:24:00+05:30
"https://www.asdm.co.in/blog/digital-marketing-syllabus-in-ahmedabad-updated-modules/","blog-article","","","","","","","","","",,"NEEDS MANUAL REVIEW","MEDIUM","WordPress blog post.","sitemap",false,,"","","NOT FETCHED","SITEMAP ONLY",2026-08-01T13:24:00+05:30
"https://www.asdm.co.in/blog/google-ads-ppc-training-in-surat-learn-paid-advertising/","blog-article","Google Ads & PPC Training in Surat | Learn Paid Advertising","Guide to paid marketing course modules and practical PPC training in Surat.","","","Google Ads & PPC Training in Surat | Learn Paid Advertising","Paid Ads / PPC","Surat","","",,"NEEDS MANUAL REVIEW","MEDIUM","WordPress blog post.","sitemap",true,200,"https://www.asdm.co.in/blog/google-ads-ppc-training-in-surat-learn-paid-advertising/","","FETCHED","METADATA VERIFIED",2026-08-01T13:24:00+05:30
"https://www.asdm.co.in/blog/top-10-ai-powered-digital-marketing-courses-in-india/","blog-article","","","","","","","","","",,"NEEDS MANUAL REVIEW","MEDIUM","WordPress blog post.","sitemap",false,,"","","NOT FETCHED","SITEMAP ONLY",2026-08-01T13:24:00+05:30
"https://www.asdm.co.in/blog/digital-marketing-course-in-ahmedabad-complete-guide/","blog-article","","","","","","","","","",,"NEEDS MANUAL REVIEW","MEDIUM","WordPress blog post.","sitemap",false,,"","","NOT FETCHED","SITEMAP ONLY",2026-08-01T13:24:00+05:30
"https://www.asdm.co.in/blog/digital-marketing-course-in-surat-complete-guide/","blog-article","","","","","","","","","",,"NEEDS MANUAL REVIEW","MEDIUM","WordPress blog post.","sitemap",false,,"","","NOT FETCHED","SITEMAP ONLY",2026-08-01T13:24:00+05:30
"https://www.asdm.co.in/blog/best-courses-after-12th-with-high-salary-in-india/","blog-article","","","","","","","","","",,"NEEDS MANUAL REVIEW","MEDIUM","WordPress blog post.","sitemap",false,,"","","NOT FETCHED","SITEMAP ONLY",2026-08-01T13:24:00+05:30
"https://www.asdm.co.in/blog/how-ai-is-are-changing-social-media-marketing/","blog-article","","","","","","","","","",,"NEEDS MANUAL REVIEW","MEDIUM","WordPress blog post.","sitemap",false,,"","","NOT FETCHED","SITEMAP ONLY",2026-08-01T13:24:00+05:30
"https://www.asdm.co.in/blog/digital-marketing-course-syllabus-in-surat/","blog-article","","","","","","","","","",,"NEEDS MANUAL REVIEW","MEDIUM","WordPress blog post.","sitemap",false,,"","","NOT FETCHED","SITEMAP ONLY",2026-08-01T13:24:00+05:30
"https://www.asdm.co.in/blog/asdm-student-success-stories/","blog-article","ASDM Student Success Stories and Alumni Placements","Read testimonials and placement details of ASDM graduates.","","","ASDM Student Success Stories","Alumni / Placements","None","","",,"NEEDS MANUAL REVIEW","MEDIUM","WordPress blog post.","sitemap",true,200,"https://www.asdm.co.in/blog/asdm-student-success-stories/","","FETCHED","METADATA VERIFIED",2026-08-01T13:24:00+05:30
"https://www.asdm.co.in/blog/learn-seo-in-surat/","blog-article","","","","","","","","","",,"NEEDS MANUAL REVIEW","MEDIUM","WordPress blog post.","sitemap",false,,"","","NOT FETCHED","SITEMAP ONLY",2026-08-01T13:24:00+05:30
"https://www.asdm.co.in/blog/top-10-digital-marketing-institutes-in-gujarat/","blog-article","","","","","","","","","",,"NEEDS MANUAL REVIEW","MEDIUM","WordPress blog post.","sitemap",false,,"","","NOT FETCHED","SITEMAP ONLY",2026-08-01T13:24:00+05:30
"https://www.asdm.co.in/blog/career-after-digital-marketing-course-in-surat/","blog-article","","","","","","","","","",,"NEEDS MANUAL REVIEW","MEDIUM","WordPress blog post.","sitemap",false,,"","","NOT FETCHED","SITEMAP ONLY",2026-08-01T13:24:00+05:30
"https://www.asdm.co.in/blog/how-do-i-start-a-career-in-digital-marketing-from-surat/","blog-article","","","","","","","","","",,"NEEDS MANUAL REVIEW","MEDIUM","WordPress blog post.","sitemap",false,,"","","NOT FETCHED","SITEMAP ONLY",2026-08-01T13:24:00+05:30
"https://www.asdm.co.in/blog/what-is-graphic-designing-course-in-surat/","blog-article","","","","","","","","","",,"NEEDS MANUAL REVIEW","MEDIUM","WordPress blog post.","sitemap",false,,"","","NOT FETCHED","SITEMAP ONLY",2026-08-01T13:24:00+05:30
"https://www.asdm.co.in/blog/top-ai-tools-for-content-creation/","blog-article","","","","","","","","","",,"NEEDS MANUAL REVIEW","MEDIUM","WordPress blog post.","sitemap",false,,"","","NOT FETCHED","SITEMAP ONLY",2026-08-01T13:24:00+05:30
"https://www.asdm.co.in/blog/how-to-choose-the-best-digital-marketing-course-in-surat/","blog-article","","","","","","","","","",,"NEEDS MANUAL REVIEW","MEDIUM","WordPress blog post.","sitemap",false,,"","","NOT FETCHED","SITEMAP ONLY",2026-08-01T13:24:00+05:30
"https://www.asdm.co.in/blog/what-is-answer-engine-optimization/","blog-article","","","","","","","","","",,"NEEDS MANUAL REVIEW","MEDIUM","WordPress blog post.","sitemap",false,,"","","NOT FETCHED","SITEMAP ONLY",2026-08-01T13:24:00+05:30
"https://www.asdm.co.in/blog/digital-marketing-skills/","blog-article","","","","","","","","","",,"NEEDS MANUAL REVIEW","MEDIUM","WordPress blog post.","sitemap",false,,"","","NOT FETCHED","SITEMAP ONLY",2026-08-01T13:24:00+05:30
"https://www.asdm.co.in/blog/how-to-maximize-learning-from-your-digital-marketing-classes-in-surat/","blog-article","","","","","","","","","",,"NEEDS MANUAL REVIEW","MEDIUM","WordPress blog post.","sitemap",false,,"","","NOT FETCHED","SITEMAP ONLY",2026-08-01T13:24:00+05:30
"https://www.asdm.co.in/blog/what-generative-engine-optimization/","blog-article","","","","","","","","","",,"NEEDS MANUAL REVIEW","MEDIUM","WordPress blog post.","sitemap",false,,"","","NOT FETCHED","SITEMAP ONLY",2026-08-01T13:24:00+05:30
"https://www.asdm.co.in/blog/digital-marketing-internship-opportunities-in-ahmedabad/","blog-article","","","","","","","","","",,"NEEDS MANUAL REVIEW","MEDIUM","WordPress blog post.","sitemap",false,,"","","NOT FETCHED","SITEMAP ONLY",2026-08-01T13:24:00+05:30
"https://www.asdm.co.in/blog/page/2/","blog-index","","","","","","","","","",,"NEEDS MANUAL REVIEW","MEDIUM","WordPress blog feed index.","footer",false,,"","","NOT FETCHED","SITEMAP ONLY",2026-08-01T13:24:00+05:30
"https://www.asdm.co.in/blog/what-is-the-qualification-for-digital-marketing/","blog-article","","","","","","","","","",,"NEEDS MANUAL REVIEW","MEDIUM","WordPress blog post.","sitemap",false,,"","","NOT FETCHED","SITEMAP ONLY",2026-08-01T13:24:00+05:30
"https://www.asdm.co.in/blog/how-to-increase-website-organic-traffic/","blog-article","","","","","","","","","",,"NEEDS MANUAL REVIEW","MEDIUM","WordPress blog post.","sitemap",false,,"","","NOT FETCHED","SITEMAP ONLY",2026-08-01T13:24:00+05:30
"https://www.asdm.co.in/blog/complete-guide-to-youtube-marketing/","blog-article","","","","","","","","","",,"NEEDS MANUAL REVIEW","MEDIUM","WordPress blog post.","sitemap",false,,"","","NOT FETCHED","SITEMAP ONLY",2026-08-01T13:24:00+05:30
"https://www.asdm.co.in/blog/how-to-become-a-social-media-manager/","blog-article","","","","","","","","","",,"NEEDS MANUAL REVIEW","MEDIUM","WordPress blog post.","sitemap",false,,"","","NOT FETCHED","SITEMAP ONLY",2026-08-01T13:24:00+05:30
"https://www.asdm.co.in/blog/benefits-of-local-seo-for-small-businesses/","blog-article","","","","","","","","","",,"NEEDS MANUAL REVIEW","MEDIUM","WordPress blog post.","sitemap",false,,"","","NOT FETCHED","SITEMAP ONLY",2026-08-01T13:24:00+05:30
"https://www.asdm.co.in/blog/how-to-become-a-digital-marketing-expert-in-ahmedabad/","blog-article","","","","","","","","","",,"NEEDS MANUAL REVIEW","MEDIUM","WordPress blog post.","sitemap",false,,"","","NOT FETCHED","SITEMAP ONLY",2026-08-01T13:24:00+05:30
"https://www.asdm.co.in/blog/top-10-ai-powered-digital-marketing-course-in-ahmedabad-2025-with-placement/","blog-article","","","","","","","","","",,"NEEDS MANUAL REVIEW","MEDIUM","WordPress blog post.","sitemap",false,,"","","NOT FETCHED","SITEMAP ONLY",2026-08-01T13:24:00+05:30
"https://www.asdm.co.in/blog/google-ai-mode/","blog-article","","","","","","","","","",,"NEEDS MANUAL REVIEW","MEDIUM","WordPress blog post.","sitemap",false,,"","","NOT FETCHED","SITEMAP ONLY",2026-08-01T13:24:00+05:30
"https://www.asdm.co.in/blog/top-10-reasons-why-asdm-is-the-best-digital-marketing-institute-in-india-2025-edition/","blog-article","","","","","","","","","",,"NEEDS MANUAL REVIEW","MEDIUM","WordPress blog post.","sitemap",false,,"","","NOT FETCHED","SITEMAP ONLY",2026-08-01T13:24:00+05:30
"https://www.asdm.co.in/blog/why-digital-marketing-is-the-best-career/","blog-article","","","","","","","","","",,"NEEDS MANUAL REVIEW","MEDIUM","WordPress blog post.","sitemap",false,,"","","NOT FETCHED","SITEMAP ONLY",2026-08-01T13:24:00+05:30
"https://www.asdm.co.in/blog/complete-guide-on-google-business-profile/","blog-article","","","","","","","","","",,"NEEDS MANUAL REVIEW","MEDIUM","WordPress blog post.","sitemap",false,,"","","NOT FETCHED","SITEMAP ONLY",2026-08-01T13:24:00+05:30
"https://www.asdm.co.in/blog/why-should-businesses-do-online-marketing/","blog-article","","","","","","","","","",,"NEEDS MANUAL REVIEW","MEDIUM","WordPress blog post.","sitemap",false,,"","","NOT FETCHED","SITEMAP ONLY",2026-08-01T13:24:00+05:30
"https://www.asdm.co.in/blog/digital-marketing-course-in-vadodara/","blog-article","","","","","","","","","",,"NEEDS MANUAL REVIEW","MEDIUM","WordPress blog post.","sitemap",false,,"","","NOT FETCHED","SITEMAP ONLY",2026-08-01T13:24:00+05:30
"https://www.asdm.co.in/blog/what-are-the-benefits-of-a-digital-marketing-course/","blog-article","","","","","","","","","",,"NEEDS MANUAL REVIEW","MEDIUM","WordPress blog post.","sitemap",false,,"","","NOT FETCHED","SITEMAP ONLY",2026-08-01T13:24:00+05:30
"https://www.asdm.co.in/blog/strategies-to-crack-digital-marketing-interview/","blog-article","","","","","","","","","",,"NEEDS MANUAL REVIEW","MEDIUM","WordPress blog post.","sitemap",false,,"","","NOT FETCHED","SITEMAP ONLY",2026-08-01T13:24:00+05:30
"https://www.asdm.co.in/blog/top-digital-marketing-techniques-to-boost-sales/","blog-article","","","","","","","","","",,"NEEDS MANUAL REVIEW","MEDIUM","WordPress blog post.","sitemap",false,,"","","NOT FETCHED","SITEMAP ONLY",2026-08-01T13:24:00+05:30
"https://www.asdm.co.in/blog/what-is-google-e-e-a-t/","blog-article","","","","","","","","","",,"NEEDS MANUAL REVIEW","MEDIUM","WordPress blog post.","sitemap",false,,"","","NOT FETCHED","SITEMAP ONLY",2026-08-01T13:24:00+05:30
"https://www.asdm.co.in/blog/complete-guide-on-instagram-advertising/","blog-article","","","","","","","","","",,"NEEDS MANUAL REVIEW","MEDIUM","WordPress blog post.","sitemap",false,,"","","NOT FETCHED","SITEMAP ONLY",2026-08-01T13:24:00+05:30
"https://www.asdm.co.in/blog/digital-marketing-is-important-for-business-owner/","blog-article","","","","","","","","","",,"NEEDS MANUAL REVIEW","MEDIUM","WordPress blog post.","sitemap",false,,"","","NOT FETCHED","SITEMAP ONLY",2026-08-01T13:24:00+05:30
"https://www.asdm.co.in/blog/top-13-activities-performed-by-digital-marketers-at-workplaces/","blog-article","","","","","","","","","",,"NEEDS MANUAL REVIEW","MEDIUM","WordPress blog post.","sitemap",false,,"","","NOT FETCHED","SITEMAP ONLY",2026-08-01T13:24:00+05:30
"https://www.asdm.co.in/blog/top-10-highest-paying-digital-marketing-jobs-in-india-after-digital-marketing-course/","blog-article","","","","","","","","","",,"NEEDS MANUAL REVIEW","MEDIUM","WordPress blog post.","sitemap",false,,"","","NOT FETCHED","SITEMAP ONLY",2026-08-01T13:24:00+05:30
"https://www.asdm.co.in/blog/is-digital-marketing-a-good-career-lets-find-out/","blog-article","","","","","","","","","",,"NEEDS MANUAL REVIEW","MEDIUM","WordPress blog post.","sitemap",false,,"","","NOT FETCHED","SITEMAP ONLY",2026-08-01T13:24:00+05:30
"https://www.asdm.co.in/blog/affiliate-marketing-for-beginners-complete-guide/","blog-article","","","","","","","","","",,"NEEDS MANUAL REVIEW","MEDIUM","WordPress blog post.","sitemap",false,,"","","NOT FETCHED","SITEMAP ONLY",2026-08-01T13:24:00+05:30
"https://www.asdm.co.in/blog/what-is-freelancing-amp-how-to-start-freelancing-job/","blog-article","","","","","","","","","",,"NEEDS MANUAL REVIEW","MEDIUM","WordPress blog post.","sitemap",false,,"","","NOT FETCHED","SITEMAP ONLY",2026-08-01T13:24:00+05:30
"https://www.asdm.co.in/blog/what-is-cpa-marketing/","blog-article","","","","","","","","","",,"NEEDS MANUAL REVIEW","MEDIUM","WordPress blog post.","sitemap",false,,"","","NOT FETCHED","SITEMAP ONLY",2026-08-01T13:24:00+05:30
"https://www.asdm.co.in/blog/instagram-marketing-course-in-ahmedabad/","blog-article","","","","","","","","","",,"NEEDS MANUAL REVIEW","MEDIUM","WordPress blog post.","sitemap",false,,"","","NOT FETCHED","SITEMAP ONLY",2026-08-01T13:24:00+05:30
"https://www.asdm.co.in/blog/social-media-marketing-course-in-surat/","blog-article","","","","","","","","","",,"NEEDS MANUAL REVIEW","MEDIUM","WordPress blog post.","sitemap",false,,"","","NOT FETCHED","SITEMAP ONLY",2026-08-01T13:24:00+05:30
"https://www.asdm.co.in/blog/seo-tips-to-improve-your-websites-search-engine-ranking/","blog-article","","","","","","","","","",,"NEEDS MANUAL REVIEW","MEDIUM","WordPress blog post.","sitemap",false,,"","","NOT FETCHED","SITEMAP ONLY",2026-08-01T13:24:00+05:30
"https://www.asdm.co.in/blog/social-media-marketing-advantages-and-disadvantages/","blog-article","","","","","","","","","",,"NEEDS MANUAL REVIEW","MEDIUM","WordPress blog post.","sitemap",false,,"","","NOT FETCHED","SITEMAP ONLY",2026-08-01T13:24:00+05:30
"https://www.asdm.co.in/blog/how-to-rank-youtube-videos/","blog-article","","","","","","","","","",,"NEEDS MANUAL REVIEW","MEDIUM","WordPress blog post.","sitemap",false,,"","","NOT FETCHED","SITEMAP ONLY",2026-08-01T13:24:00+05:30
"https://www.asdm.co.in/blog/why-surat-is-the-next-hub-for-digital-marketing-careers/","blog-article","","","","","","","","","",,"NEEDS MANUAL REVIEW","MEDIUM","WordPress blog post.","sitemap",false,,"","","NOT FETCHED","SITEMAP ONLY",2026-08-01T13:24:00+05:30
"https://www.asdm.co.in/blog/social-media-marketing-guide-for-beginners/","blog-article","","","","","","","","","",,"NEEDS MANUAL REVIEW","MEDIUM","WordPress blog post.","sitemap",false,,"","","NOT FETCHED","SITEMAP ONLY",2026-08-01T13:24:00+05:30
"https://www.asdm.co.in/blog/why-every-business-should-do-content-marketing/","blog-article","","","","","","","","","",,"NEEDS MANUAL REVIEW","MEDIUM","WordPress blog post.","sitemap",false,,"","","NOT FETCHED","SITEMAP ONLY",2026-08-01T13:24:00+05:30
"https://www.asdm.co.in/blog/how-to-earn-50k-as-a-digital-marketing-freelancer/","blog-article","","","","","","","","","",,"NEEDS MANUAL REVIEW","MEDIUM","WordPress blog post.","sitemap",false,,"","","NOT FETCHED","SITEMAP ONLY",2026-08-01T13:24:00+05:30
"https://www.asdm.co.in/blog/top-15-free-email-marketing-tools/","blog-article","","","","","","","","","",,"NEEDS MANUAL REVIEW","MEDIUM","WordPress blog post.","sitemap",false,,"","","NOT FETCHED","SITEMAP ONLY",2026-08-01T13:24:00+05:30
"https://www.asdm.co.in/seo-course-in-ahmedabad","course","Advanced SEO Course In Ahmedabad With Placement | ASDM","ASDM institute offers practical search engine optimization course in Ahmedabad, specially design to cover all aspects of SEO and strategies to get higher visibility.","https://www.asdm.co.in/seo-course-in-ahmedabad","index, follow","Best Search Engine Optimization Course In Ahmedabad","Advanced SEO","Ahmedabad","SEO","Inquiry Now; Submit Now",5,"EXISTING","HIGH","Course landing page for SEO.","navigation",true,200,"https://www.asdm.co.in/seo-course-in-ahmedabad","","FETCHED","PAGE VERIFIED",2026-08-01T13:24:00+05:30
"https://www.asdm.co.in/blog/what-is-the-scope-of-digital-marketing-in-ahmedabad/","blog-article","","","","","","","","","",,"NEEDS MANUAL REVIEW","MEDIUM","WordPress blog post.","sitemap",false,,"","","NOT FETCHED","SITEMAP ONLY",2026-08-01T13:24:00+05:30
"https://www.asdm.co.in/blog/top-5-digital-marketing-strategies-for-small-businesses/","blog-article","","","","","","","","","",,"NEEDS MANUAL REVIEW","MEDIUM","WordPress blog post.","sitemap",false,,"","","NOT FETCHED","SITEMAP ONLY",2026-08-01T13:24:00+05:30
"https://www.asdm.co.in/blog/the-impact-of-digital-marketing-on-todays-businesses/","blog-article","","","","","","","","","",,"NEEDS MANUAL REVIEW","MEDIUM","WordPress blog post.","sitemap",false,,"","","NOT FETCHED","SITEMAP ONLY",2026-08-01T13:24:00+05:30
"https://www.asdm.co.in/blog/pay-per-click-marketing-tips/","blog-article","","","","","","","","","",,"NEEDS MANUAL REVIEW","MEDIUM","WordPress blog post.","sitemap",false,,"","","NOT FETCHED","SITEMAP ONLY",2026-08-01T13:24:00+05:30
"https://www.asdm.co.in/blog/top-10-updated-social-media-tools/","blog-article","","","","","","","","","",,"NEEDS MANUAL REVIEW","MEDIUM","WordPress blog post.","sitemap",false,,"","","NOT FETCHED","SITEMAP ONLY",2026-08-01T13:24:00+05:30
"https://www.asdm.co.in/blog/the-role-of-seo-in-digital-marketing/","blog-article","","","","","","","","","",,"NEEDS MANUAL REVIEW","MEDIUM","WordPress blog post.","sitemap",false,,"","","NOT FETCHED","SITEMAP ONLY",2026-08-01T13:24:00+05:30
"https://www.asdm.co.in/blog/keyword-density-and-seo-content-writing/","blog-article","","","","","","","","","",,"NEEDS MANUAL REVIEW","MEDIUM","WordPress blog post.","sitemap",false,,"","","NOT FETCHED","SITEMAP ONLY",2026-08-01T13:24:00+05:30
"https://www.asdm.co.in/blog/know-about-organic-marketing-in-seo-and-social-media-marketing/","blog-article","","","","","","","","","",,"NEEDS MANUAL REVIEW","MEDIUM","WordPress blog post.","sitemap",false,,"","","NOT FETCHED","SITEMAP ONLY",2026-08-01T13:24:00+05:30
"https://www.asdm.co.in/blog/what-is-influencer-marketing/","blog-article","","","","","","","","","",,"NEEDS MANUAL REVIEW","MEDIUM","WordPress blog post.","sitemap",false,,"","","NOT FETCHED","SITEMAP ONLY",2026-08-01T13:24:00+05:30
"https://www.asdm.co.in/blog/it-companies-in-surat/","blog-article","","","","","","","","","",,"NEEDS MANUAL REVIEW","MEDIUM","WordPress blog post.","sitemap",false,,"","","NOT FETCHED","SITEMAP ONLY",2026-08-01T13:24:00+05:30
"https://www.asdm.co.in/blog/e-commerce-course-in-surat/","blog-article","","","","","","","","","",,"NEEDS MANUAL REVIEW","MEDIUM","WordPress blog post.","sitemap",false,,"","","NOT FETCHED","SITEMAP ONLY",2026-08-01T13:24:00+05:30
"https://www.asdm.co.in/blog/skills-for-digital-marketer/","blog-article","","","","","","","","","",,"NEEDS MANUAL REVIEW","MEDIUM","WordPress blog post.","sitemap",false,,"","","NOT FETCHED","SITEMAP ONLY",2026-08-01T13:24:00+05:30
"https://www.asdm.co.in/blog/which-course-is-best-for-digital-marketing-in-surat/","blog-article","","","","","","","","","",,"NEEDS MANUAL REVIEW","MEDIUM","WordPress blog post.","sitemap",false,,"","","NOT FETCHED","SITEMAP ONLY",2026-08-01T13:24:00+05:30
"https://www.asdm.co.in/blog/best-5-digital-marketing-courses-in-surat/","blog-article","","","","","","","","","",,"NEEDS MANUAL REVIEW","MEDIUM","WordPress blog post.","sitemap",false,,"","","NOT FETCHED","SITEMAP ONLY",2026-08-01T13:24:00+05:30
"https://www.asdm.co.in/blog/digital-marketing-jobs-career-opportunities-in-gujarat-india/","blog-article","","","","","","","","","",,"NEEDS MANUAL REVIEW","MEDIUM","WordPress blog post.","sitemap",false,,"","","NOT FETCHED","SITEMAP ONLY",2026-08-01T13:24:00+05:30
"https://www.asdm.co.in/blog/digital-marketing-types/","blog-article","","","","","","","","","",,"NEEDS MANUAL REVIEW","MEDIUM","WordPress blog post.","sitemap",false,,"","","NOT FETCHED","SITEMAP ONLY",2026-08-01T13:24:00+05:30
"https://www.asdm.co.in/blog/it-companies-in-ahmedabad/","blog-article","","","","","","","","","",,"NEEDS MANUAL REVIEW","MEDIUM","WordPress blog post.","sitemap",false,,"","","NOT FETCHED","SITEMAP ONLY",2026-08-01T13:24:00+05:30
"https://www.asdm.co.in/blog/top-10-income-opportunities-in-india/","blog-article","","","","","","","","","",,"NEEDS MANUAL REVIEW","MEDIUM","WordPress blog post.","sitemap",false,,"","","NOT FETCHED","SITEMAP ONLY",2026-08-01T13:24:00+05:30
"https://www.asdm.co.in/blog/the-top-5-benefits-of-using-linkedin-for-your-business/","blog-article","","","","","","","","","",,"NEEDS MANUAL REVIEW","MEDIUM","WordPress blog post.","sitemap",false,,"","","NOT FETCHED","SITEMAP ONLY",2026-08-01T13:24:00+05:30
"https://www.asdm.co.in/blog/generate-more-google-reviews-in-2024/","blog-article","","","","","","","","","",,"NEEDS MANUAL REVIEW","MEDIUM","WordPress blog post.","sitemap",false,,"","","NOT FETCHED","SITEMAP ONLY",2026-08-01T13:24:00+05:30
"https://www.asdm.co.in/blog/the-ultimate-guide-for-blogging/","blog-article","","","","","","","","","",,"NEEDS MANUAL REVIEW","MEDIUM","WordPress blog post.","sitemap",false,,"","","NOT FETCHED","SITEMAP ONLY",2026-08-01T13:24:00+05:30
"https://www.asdm.co.in/blog/digital-marketing-for-working-professional/","blog-article","","","","","","","","","",,"NEEDS MANUAL REVIEW","MEDIUM","WordPress blog post.","sitemap",false,,"","","NOT FETCHED","SITEMAP ONLY",2026-08-01T13:24:00+05:30
"https://www.asdm.co.in/blog/social-media-audit/","blog-article","","","","","","","","","",,"NEEDS MANUAL REVIEW","MEDIUM","WordPress blog post.","sitemap",false,,"","","NOT FETCHED","SITEMAP ONLY",2026-08-01T13:24:00+05:30
"https://www.asdm.co.in/blog/top-5-digital-marketing-updates-till-10th-july-2019/","blog-article","","","","","","","","","",,"NEEDS MANUAL REVIEW","MEDIUM","WordPress blog post.","sitemap",false,,"","","NOT FETCHED","SITEMAP ONLY",2026-08-01T13:24:00+05:30
"https://www.asdm.co.in/blog/the-definitive-guide-to-influence-marketing/","blog-article","","","","","","","","","",,"NEEDS MANUAL REVIEW","MEDIUM","WordPress blog post.","sitemap",false,,"","","NOT FETCHED","SITEMAP ONLY",2026-08-01T13:24:00+05:30
"https://www.asdm.co.in/blog/latest-digital-marketing-update-to-watch-for-online-marketing/","blog-article","","","","","","","","","",,"NEEDS MANUAL REVIEW","MEDIUM","WordPress blog post.","sitemap",false,,"","","NOT FETCHED","SITEMAP ONLY",2026-08-01T13:24:00+05:30
"https://www.asdm.co.in/blog/page/3/","blog-index","","","","","","","","","",,"NEEDS MANUAL REVIEW","MEDIUM","WordPress blog feed index.","footer",false,,"","","NOT FETCHED","SITEMAP ONLY",2026-08-01T13:24:00+05:30
"https://www.asdm.co.in/blog/which-companies-use-digital-marketing-2/","blog-article","","","","","","","","","",,"NEEDS MANUAL REVIEW","MEDIUM","WordPress blog post.","sitemap",false,,"","","NOT FETCHED","SITEMAP ONLY",2026-08-01T13:24:00+05:30
"https://www.asdm.co.in/blog/top-5-digital-marketing-updates-you-should-know-in-august-2022/","blog-article","","","","","","","","","",,"NEEDS MANUAL REVIEW","MEDIUM","WordPress blog post.","sitemap",false,,"","","NOT FETCHED","SITEMAP ONLY",2026-08-01T13:24:00+05:30
"https://www.asdm.co.in/digital-marketing-course-in-mumbai","location","Digital Marketing Course In Mumbai Online With Placement | ASDM","ASDM Institute Offers India's Best Offline and Online Digital Marketing Course In Mumbai with 100% placements and Freelancing opportunities.","https://www.asdm.co.in/digital-marketing-course-in-mumbai","index, follow","#1 Digital Marketing Institute Offers Most Advanced Digital Marketing Course in Mumbai","Digital Marketing & AI","Mumbai","Digital Marketing","INQUIRE NOW; Submit Now",5,"NEEDS MANUAL REVIEW","MEDIUM","Location page targeting Mumbai online audience. Lacks physical address.","navigation",true,200,"https://www.asdm.co.in/digital-marketing-course-in-mumbai","","FETCHED","PAGE VERIFIED",2026-08-01T13:24:00+05:30
"https://www.asdm.co.in/blog/top-10-digital-marketing-institute-in-ahmedabad/","blog-article","","","","","","","","","",,"NEEDS MANUAL REVIEW","MEDIUM","WordPress blog post.","sitemap",false,,"","","NOT FETCHED","SITEMAP ONLY",2026-08-01T13:24:00+05:30
"https://www.asdm.co.in/blog/tiktok-is-rising-but-will-it-be-a-relevant-platform-for-brands/","blog-article","","","","","","","","","",,"NEEDS MANUAL REVIEW","MEDIUM","WordPress blog post.","sitemap",false,,"","","NOT FETCHED","SITEMAP ONLY",2026-08-01T13:24:00+05:30
"https://www.asdm.co.in/blog/what-is-digital-marketing-and-why-is-it-important/","blog-article","","","","","","","","","",,"NEEDS MANUAL REVIEW","MEDIUM","WordPress blog post.","sitemap",false,,"","","NOT FETCHED","SITEMAP ONLY",2026-08-01T13:24:00+05:30
"https://www.asdm.co.in/blog/why-start-ups-should-adopt-digital-marketing-in-their-business/","blog-article","","","","","","","","","",,"NEEDS MANUAL REVIEW","MEDIUM","WordPress blog post.","sitemap",false,,"","","NOT FETCHED","SITEMAP ONLY",2026-08-01T13:24:00+05:30
"https://www.asdm.co.in/blog/super-easy-twitter-marketing-tips-for-your-business/","blog-article","","","","","","","","","",,"NEEDS MANUAL REVIEW","MEDIUM","WordPress blog post.","sitemap",false,,"","","NOT FETCHED","SITEMAP ONLY",2026-08-01T13:24:00+05:30
"https://www.asdm.co.in/blog/mr-love-tyagi-took-digital-marketing-training-at-ahmedabad-management-association/","blog-article","","","","","","","","","",,"NEEDS MANUAL REVIEW","MEDIUM","WordPress blog post.","sitemap",false,,"","","NOT FETCHED","SITEMAP ONLY",2026-08-01T13:24:00+05:30
"https://www.asdm.co.in/blog/ultimate-5-reasons-to-choose-digital-marketing-as-a-career-option/","blog-article","","","","","","","","","",,"NEEDS MANUAL REVIEW","MEDIUM","WordPress blog post.","sitemap",false,,"","","NOT FETCHED","SITEMAP ONLY",2026-08-01T13:24:00+05:30
"https://www.asdm.co.in/blog/what-is-copy-writing/","blog-article","","","","","","","","","",,"NEEDS MANUAL REVIEW","MEDIUM","WordPress blog post.","sitemap",false,,"","","NOT FETCHED","SITEMAP ONLY",2026-08-01T13:24:00+05:30
"https://www.asdm.co.in/blog/asdm-awarded-again-for-the-best-digital-marketing-institute-2020-21/","blog-article","","","","","","","","","",,"NEEDS MANUAL REVIEW","MEDIUM","WordPress blog post.","sitemap",false,,"","","NOT FETCHED","SITEMAP ONLY",2026-08-01T13:24:00+05:30
"https://www.asdm.co.in/blog/boost-your-facebook-likes/","blog-article","","","","","","","","","",,"NEEDS MANUAL REVIEW","MEDIUM","WordPress blog post.","sitemap",false,,"","","NOT FETCHED","SITEMAP ONLY",2026-08-01T13:24:00+05:30
"https://www.asdm.co.in/blog/why-lead-generation-is-important-for-business/","blog-article","","","","","","","","","",,"NEEDS MANUAL REVIEW","MEDIUM","WordPress blog post.","sitemap",false,,"","","NOT FETCHED","SITEMAP ONLY",2026-08-01T13:24:00+05:30
"https://www.asdm.co.in/blog/traditional-marketing-vs-digital-marketing/","blog-article","","","","","","","","","",,"NEEDS MANUAL REVIEW","MEDIUM","WordPress blog post.","sitemap",false,,"","","NOT FETCHED","SITEMAP ONLY",2026-08-01T13:24:00+05:30
"https://www.asdm.co.in/blog/a-great-start-to-2021-for-asdm/","blog-article","","","","","","","","","",,"NEEDS MANUAL REVIEW","MEDIUM","WordPress blog post.","sitemap",false,,"","","NOT FETCHED","SITEMAP ONLY",2026-08-01T13:24:00+05:30
"https://www.asdm.co.in/blog/asdm-featured-in-leading-media-houses/","blog-article","","","","","","","","","",,"NEEDS MANUAL REVIEW","MEDIUM","WordPress blog post.","sitemap",false,,"","","NOT FETCHED","SITEMAP ONLY",2026-08-01T13:24:00+05:30
"https://www.asdm.co.in/blog/mr-love-tyagi-founder-of-asdm-took-a-session-on-vidhya-bharti-a-rss-wing/","blog-article","","","","","","","","","",,"NEEDS MANUAL REVIEW","MEDIUM","WordPress blog post.","sitemap",false,,"","","NOT FETCHED","SITEMAP ONLY",2026-08-01T13:24:00+05:30
"https://www.asdm.co.in/blog/asdm-ahmedabad-review/","blog-article","","","","","","","","","",,"NEEDS MANUAL REVIEW","MEDIUM","WordPress blog post.","sitemap",false,,"","","NOT FETCHED","SITEMAP ONLY",2026-08-01T13:24:00+05:30
"https://www.asdm.co.in/blog/covid-19-impact-on-digital-marketing/","blog-article","","","","","","","","","",,"NEEDS MANUAL REVIEW","MEDIUM","WordPress blog post.","sitemap",false,,"","","NOT FETCHED","SITEMAP ONLY",2026-08-01T13:24:00+05:30
"https://www.asdm.co.in/blog/asdm-institute-featured-in-50-leading-media-houses/","blog-article","","","","","","","","","",,"NEEDS MANUAL REVIEW","MEDIUM","WordPress blog post.","sitemap",false,,"","","NOT FETCHED","SITEMAP ONLY",2026-08-01T13:24:00+05:30
"https://www.asdm.co.in/blog/asdm-has-organised-seo-marathon-classes-at-ramada-for-asdm-citizen/","blog-article","","","","","","","","","",,"NEEDS MANUAL REVIEW","MEDIUM","WordPress blog post.","sitemap",false,,"","","NOT FETCHED","SITEMAP ONLY",2026-08-01T13:24:00+05:30
"https://www.asdm.co.in/blog/asdm-organised-2-days-advance-digital-marketing-workshop-for-ceos-entrepreneurs/","blog-article","","","","","","","","","",,"NEEDS MANUAL REVIEW","MEDIUM","WordPress blog post.","sitemap",false,,"","","NOT FETCHED","SITEMAP ONLY",2026-08-01T13:24:00+05:30
"https://www.asdm.co.in/blog/asdm-conducted-seminar-on-career-in-digital-marketing-at-hotel-rock-regency/","blog-article","","","","","","","","","",,"NEEDS MANUAL REVIEW","MEDIUM","WordPress blog post.","sitemap",false,,"","","NOT FETCHED","SITEMAP ONLY",2026-08-01T13:24:00+05:30
"https://www.asdm.co.in/blog/got-a-placement-in-technolab/","blog-article","","","","","","","","","",,"NEEDS MANUAL REVIEW","MEDIUM","WordPress blog post.","sitemap",false,,"","","NOT FETCHED","SITEMAP ONLY",2026-08-01T13:24:00+05:30
"https://www.asdm.co.in/blog/akash/","blog-article","","","","","","","","","",,"NEEDS MANUAL REVIEW","MEDIUM","WordPress blog post.","sitemap",false,,"","","NOT FETCHED","SITEMAP ONLY",2026-08-01T13:24:00+05:30
"https://www.asdm.co.in/blog/our-director-mr-love-tyagi-meeting-with-maharashtra-educational-and-political-leaders-for-asdm-development/","blog-article","","","","","","","","","",,"NEEDS MANUAL REVIEW","MEDIUM","WordPress blog post.","sitemap",false,,"","","NOT FETCHED","SITEMAP ONLY",2026-08-01T13:24:00+05:30
"https://www.asdm.co.in/blog/asdm-director-leading-maharashtra-cm-book-launch-event/","blog-article","","","","","","","","","",,"NEEDS MANUAL REVIEW","MEDIUM","WordPress blog post.","sitemap",false,,"","","NOT FETCHED","SITEMAP ONLY",2026-08-01T13:24:00+05:30
"https://www.asdm.co.in/blog/asdm-student-soni-bhavika/","blog-article","","","","","","","","","",,"NEEDS MANUAL REVIEW","MEDIUM","WordPress blog post.","sitemap",false,,"","","NOT FETCHED","SITEMAP ONLY",2026-08-01T13:24:00+05:30
"https://www.asdm.co.in/blog/scope-of-social-media-marketing-in-india/","blog-article","","","","","","","","","",,"NEEDS MANUAL REVIEW","MEDIUM","WordPress blog post.","sitemap",false,,"","","NOT FETCHED","SITEMAP ONLY",2026-08-01T13:24:00+05:30
"https://www.asdm.co.in/blog/email-marketing-tips-to-grow-your-business/","blog-article","","","","","","","","","",,"NEEDS MANUAL REVIEW","MEDIUM","WordPress blog post.","sitemap",false,,"","","NOT FETCHED","SITEMAP ONLY",2026-08-01T13:24:00+05:30
"https://www.asdm.co.in/blog/seven-ways-to-increase-your-website-traffic/","blog-article","","","","","","","","","",,"NEEDS MANUAL REVIEW","MEDIUM","WordPress blog post.","sitemap",false,,"","","NOT FETCHED","SITEMAP ONLY",2026-08-01T13:24:00+05:30
"https://www.asdm.co.in/blog/the-10-benefits-of-a-digital-marketing-career-in-2024/","blog-article","","","","","","","","","",,"NEEDS MANUAL REVIEW","MEDIUM","WordPress blog post.","sitemap",false,,"","","NOT FETCHED","SITEMAP ONLY",2026-08-01T13:24:00+05:30
"https://www.asdm.co.in/blog/improve-your-small-business-with-online-marketing-strategy/","blog-article","","","","","","","","","",,"NEEDS MANUAL REVIEW","MEDIUM","WordPress blog post.","sitemap",false,,"","","NOT FETCHED","SITEMAP ONLY",2026-08-01T13:24:00+05:30
"https://www.asdm.co.in/blog/the-definitive-guide-to-influencer-marketing/","blog-article","","","","","","","","","",,"NEEDS MANUAL REVIEW","MEDIUM","WordPress blog post.","sitemap",false,,"","","NOT FETCHED","SITEMAP ONLY",2026-08-01T13:24:00+05:30
"https://www.asdm.co.in/blog/why-startup-should-adopt-latest-technology-in-their-business/","blog-article","","","","","","","","","",,"NEEDS MANUAL REVIEW","MEDIUM","WordPress blog post.","sitemap",false,,"","","NOT FETCHED","SITEMAP ONLY",2026-08-01T13:24:00+05:30
"https://www.asdm.co.in/blog/ways-to-boost-your-facebook-likes/","blog-article","","","","","","","","","",,"NEEDS MANUAL REVIEW","MEDIUM","WordPress blog post.","sitemap",false,,"","","NOT FETCHED","SITEMAP ONLY",2026-08-01T13:24:00+05:30
"https://www.asdm.co.in/blog/the-beginner-guide-to-become-pro-digital-marketing-freelancer/","blog-article","","","","","","","","","",,"NEEDS MANUAL REVIEW","MEDIUM","WordPress blog post.","sitemap",false,,"","","NOT FETCHED","SITEMAP ONLY",2026-08-01T13:24:00+05:30
"https://www.asdm.co.in/blog/how-to-use-hashtags-correctly-and-intelligently/","blog-article","","","","","","","","","",,"NEEDS MANUAL REVIEW","MEDIUM","WordPress blog post.","sitemap",false,,"","","NOT FETCHED","SITEMAP ONLY",2026-08-01T13:24:00+05:30
"https://www.asdm.co.in/blog/ways-to-include-digital-marketing-and-ai-in-2024/","blog-article","","","","","","","","","",,"NEEDS MANUAL REVIEW","MEDIUM","WordPress blog post.","sitemap",false,,"","","NOT FETCHED","SITEMAP ONLY",2026-08-01T13:24:00+05:30
"https://www.asdm.co.in/blog/what-is-eligibility-for-digital-marketing-course-in-ahmedabad/","blog-article","","","","","","","","","",,"NEEDS MANUAL REVIEW","MEDIUM","WordPress blog post.","sitemap",false,,"","","NOT FETCHED","SITEMAP ONLY",2026-08-01T13:24:00+05:30
"https://www.asdm.co.in/blog/strategic-ways-to-use-pinterest-marketing-on-your-business/","blog-article","","","","","","","","","",,"NEEDS MANUAL REVIEW","MEDIUM","WordPress blog post.","sitemap",false,,"","","NOT FETCHED","SITEMAP ONLY",2026-08-01T13:24:00+05:30
"https://www.asdm.co.in/blog/how-to-get-maximum-conversion-from-instagram/","blog-article","","","","","","","","","",,"NEEDS MANUAL REVIEW","MEDIUM","WordPress blog post.","sitemap",false,,"","","NOT FETCHED","SITEMAP ONLY",2026-08-01T13:24:00+05:30
"https://www.asdm.co.in/blog/can-i-take-digital-marketing-as-a-career-in-2023/","blog-article","","","","","","","","","",,"NEEDS MANUAL REVIEW","MEDIUM","WordPress blog post.","sitemap",false,,"","","NOT FETCHED","SITEMAP ONLY",2026-08-01T13:24:00+05:30
"https://www.asdm.co.in/blog/top-10-it-companies-in-gandhinagar/","blog-article","","","","","","","","","",,"NEEDS MANUAL REVIEW","MEDIUM","WordPress blog post.","sitemap",false,,"","","NOT FETCHED","SITEMAP ONLY",2026-08-01T13:24:00+05:30
"https://www.asdm.co.in/blog/top-5-digital-marketing-courses-in-ahmedabad-for-students/","blog-article","","","","","","","","","",,"NEEDS MANUAL REVIEW","MEDIUM","WordPress blog post.","sitemap",false,,"","","NOT FETCHED","SITEMAP ONLY",2026-08-01T13:24:00+05:30
"https://www.asdm.co.in/blog/what-are-the-top-digital-marketing-trends-for-2023/","blog-article","","","","","","","","","",,"NEEDS MANUAL REVIEW","MEDIUM","WordPress blog post.","sitemap",false,,"","","NOT FETCHED","SITEMAP ONLY",2026-08-01T13:24:00+05:30
"https://www.asdm.co.in/blog/what-is-the-process-of-performance-marketer-with-examples-a-beginners-guide/","blog-article","","","","","","","","","",,"NEEDS MANUAL REVIEW","MEDIUM","WordPress blog post.","sitemap",false,,"","","NOT FETCHED","SITEMAP ONLY",2026-08-01T13:24:00+05:30
"https://www.asdm.co.in/blog/digital-marketing-return-on-investment-measuring-success/","blog-article","","","","","","","","","",,"NEEDS MANUAL REVIEW","MEDIUM","WordPress blog post.","sitemap",false,,"","","NOT FETCHED","SITEMAP ONLY",2026-08-01T13:24:00+05:30
"https://www.asdm.co.in/blog/how-to-use-linkedin-for-your-business/","blog-article","","","","","","","","","",,"NEEDS MANUAL REVIEW","MEDIUM","WordPress blog post.","sitemap",false,,"","","NOT FETCHED","SITEMAP ONLY",2026-08-01T13:24:00+05:30
"https://www.asdm.co.in/blog/top-5-best-digital-marketing-course-in-ahmedabad-in-2023/","blog-article","","","","","","","","","",,"NEEDS MANUAL REVIEW","MEDIUM","WordPress blog post.","sitemap",false,,"","","NOT FETCHED","SITEMAP ONLY",2026-08-01T13:24:00+05:30
"https://www.asdm.co.in/blog/which-companies-use-digital-marketing/","blog-article","","","","","","","","","",,"NEEDS MANUAL REVIEW","MEDIUM","WordPress blog post.","sitemap",false,,"","","NOT FETCHED","SITEMAP ONLY",2026-08-01T13:24:00+05:30
"https://www.asdm.co.in/blog/top-5-digital-marketing-institute-in-ahmedabad/","blog-article","","","","","","","","","",,"NEEDS MANUAL REVIEW","MEDIUM","WordPress blog post.","sitemap",false,,"","","NOT FETCHED","SITEMAP ONLY",2026-08-01T13:24:00+05:30
"https://www.asdm.co.in/blog/best-digital-marketing-job-in-india-seo-executive/","blog-article","","","","","","","","","",,"NEEDS MANUAL REVIEW","MEDIUM","WordPress blog post.","sitemap",false,,"","","NOT FETCHED","SITEMAP ONLY",2026-08-01T13:24:00+05:30
"https://www.asdm.co.in/blog/the-big-benefits-of-having-a-digital-marketing-career/","blog-article","","","","","","","","","",,"NEEDS MANUAL REVIEW","MEDIUM","WordPress blog post.","sitemap",false,,"","","NOT FETCHED","SITEMAP ONLY",2026-08-01T13:24:00+05:30
"https://www.asdm.co.in/blog/how-to-make-money-online-for-beginners/","blog-article","","","","","","","","","",,"NEEDS MANUAL REVIEW","MEDIUM","WordPress blog post.","sitemap",false,,"","","NOT FETCHED","SITEMAP ONLY",2026-08-01T13:24:00+05:30
"https://www.asdm.co.in/blog/how-to-crack-digital-marketing-interview/","blog-article","","","","","","","","","",,"NEEDS MANUAL REVIEW","MEDIUM","WordPress blog post.","sitemap",false,,"","","NOT FETCHED","SITEMAP ONLY",2026-08-01T13:24:00+05:30
"https://www.asdm.co.in/blog/top-5-digital-marketing-updates-to-watch-in-august-2019/","blog-article","","","","","","","","","",,"NEEDS MANUAL REVIEW","MEDIUM","WordPress blog post.","sitemap",false,,"","","NOT FETCHED","SITEMAP ONLY",2026-08-01T13:24:00+05:30
"https://www.asdm.co.in/blog/top-5-digital-marketing-updates-to-watch-in-july-2019/","blog-article","","","","","","","","","",,"NEEDS MANUAL REVIEW","MEDIUM","WordPress blog post.","sitemap",false,,"","","NOT FETCHED","SITEMAP ONLY",2026-08-01T13:24:00+05:30
"https://www.asdm.co.in/blog/latest-digital-marketing-news-and-updates-of-june-2019/","blog-article","","","","","","","","","",,"NEEDS MANUAL REVIEW","MEDIUM","WordPress blog post.","sitemap",false,,"","","NOT FETCHED","SITEMAP ONLY",2026-08-01T13:24:00+05:30
"https://www.asdm.co.in/blog/how-to-become-digital-marketing-expert/","blog-article","","","","","","","","","",,"NEEDS MANUAL REVIEW","MEDIUM","WordPress blog post.","sitemap",false,,"","","NOT FETCHED","SITEMAP ONLY",2026-08-01T13:24:00+05:30
"https://www.asdm.co.in/blog/why-asdm-digital-marketing-institute-in-india/","blog-article","","","","","","","","","",,"NEEDS MANUAL REVIEW","MEDIUM","WordPress blog post.","sitemap",false,,"","","NOT FETCHED","SITEMAP ONLY",2026-08-01T13:24:00+05:30
"https://www.asdm.co.in/blog/what-are-the-career-opportunities-after-digital-marketing-course/","blog-article","","","","","","","","","",,"NEEDS MANUAL REVIEW","MEDIUM","WordPress blog post.","sitemap",false,,"","","NOT FETCHED","SITEMAP ONLY",2026-08-01T13:24:00+05:30
"https://www.asdm.co.in/blog/the-new-batch-starting-from-may/","blog-article","","","","","","","","","",,"NEEDS MANUAL REVIEW","MEDIUM","WordPress blog post.","sitemap",false,,"","","NOT FETCHED","SITEMAP ONLY",2026-08-01T13:24:00+05:30
"https://www.asdm.co.in/blog/top-10-best-digital-marketing-institutes-in-india/","blog-article","","","","","","","","","",,"NEEDS MANUAL REVIEW","MEDIUM","WordPress blog post.","sitemap",false,,"","","NOT FETCHED","SITEMAP ONLY",2026-08-01T13:24:00+05:30
"https://www.asdm.co.in/blog/seven-points-you-must-verify-before-selecting-any-digital-marketing-course/","blog-article","","","","","","","","","",,"NEEDS MANUAL REVIEW","MEDIUM","WordPress blog post.","sitemap",false,,"","","NOT FETCHED","SITEMAP ONLY",2026-08-01T13:24:00+05:30
"https://www.asdm.co.in/blog/having-a-great-social-media-strategy-for-indian-business/","blog-article","","","","","","","","","",,"NEEDS MANUAL REVIEW","MEDIUM","WordPress blog post.","sitemap",false,,"","","NOT FETCHED","SITEMAP ONLY",2026-08-01T13:24:00+05:30
"https://www.asdm.co.in/blog/blogging-the-key-factor-of-successful-digital-media-marketing/","blog-article","","","","","","","","","",,"NEEDS MANUAL REVIEW","MEDIUM","WordPress blog post.","sitemap",false,,"","","NOT FETCHED","SITEMAP ONLY",2026-08-01T13:24:00+05:30
"https://www.asdm.co.in/blog/Social-Media-Audit/","blog-article","","","","","","","","","",,"NEEDS MANUAL REVIEW","MEDIUM","WordPress blog post.","sitemap",false,,"","","NOT FETCHED","SITEMAP ONLY",2026-08-01T13:24:00+05:30
"https://www.asdm.co.in/blog/sitemap_index.xml/","blog-article","","","","","","","","","",,"NEEDS MANUAL REVIEW","MEDIUM","WordPress blog post.","sitemap",false,,"","","NOT FETCHED","SITEMAP ONLY",2026-08-01T13:24:00+05:30
"https://www.asdm.co.in/ecommerce-course","course","E-Commerce Marketing Course | ASDM","Master the E-Commerce ecosystem with our comprehensive 3-month program covering Shopify, website development, payment gateways, and business strategy.","https://www.asdm.co.in/ecommerce-course","index, follow","Advance E-Commerce Marketing Mastery Course for Entrepreneurs and Business Owners","E-Commerce Marketing","Ahmedabad; Surat","E-Commerce","Inquiry Now; Call Now; Whatsapp",5,"EXISTING","HIGH","E-Commerce course page.","navigation",true,200,"https://www.asdm.co.in/ecommerce-course","","FETCHED","PAGE VERIFIED",2026-08-01T13:24:00+05:30
"https://www.asdm.co.in/professional-program-in-advance-digital-marketing","course","Digital Marketing Course in Ahmedabad with AI | ASDM Institute","Join ASDM’s practical Digital Marketing Course in Ahmedabad covering SEO, Google Ads, Social Media, AI tools and live projects. Explore curriculum, batches, fees and placement assistance.","https://www.asdm.co.in/professional-program-in-advance-digital-marketing","index, follow","ASDM Offers Award Wining Digital Marketing Course in Ahmedabad. With 100% job Opportunity in top agency.","Digital Marketing & AI","Ahmedabad","Digital Marketing","Apply Now; Download Brochure",8,"POSSIBLE DUPLICATE","LOW","Suspected overlap. Clones homepage content exactly.","footer",true,200,"https://www.asdm.co.in/professional-program-in-advance-digital-marketing","","FETCHED","PAGE VERIFIED",2026-08-01T13:24:00+05:30
"https://www.asdm.co.in/advace-digital-marketing-program","course","Digital Marketing Course in Ahmedabad with AI | ASDM Institute","Join ASDM’s practical Digital Marketing Course in Ahmedabad covering SEO, Google Ads, Social Media, AI tools and live projects. Explore curriculum, batches, fees and placement assistance.","https://www.asdm.co.in/advace-digital-marketing-program","index, follow","ASDM Offers Award Wining Digital Marketing Course in Ahmedabad. With 100% job Opportunity in top agency.","Digital Marketing & AI","Ahmedabad","Digital Marketing","Apply Now; Download Brochure",8,"POSSIBLE DUPLICATE","LOW","Suspected overlap. Misspelled URL. Clones homepage content.","footer",true,200,"https://www.asdm.co.in/advace-digital-marketing-program","","FETCHED","PAGE VERIFIED",2026-08-01T13:24:00+05:30
"https://www.asdm.co.in/advance-digital-marketing-program","course","","","","","","","","","",0,"INACCESSIBLE","LOW","URL returned 404 error during fetch.","footer",true,404,"","","FETCHED","PARTIAL",2026-08-01T13:24:00+05:30