asset_id,current_path,file_name,extension,media_type,file_size_bytes,width,height,aspect_ratio,orientation,has_transparency,likely_category,likely_usage,quality_status,duplicate_group,approval_status,consent_required,original_quality_required,recommended_action,notes
ASSET-ABOUT-001,"public/assets/about/745-x-550-Award-Image.jpg","745-x-550-Award-Image.jpg",jpg,image,101718,745,550,1.35,LANDSCAPE,false,"Faculty/trainer","About team section grid","USABLE WITH OPTIMISATION",,"PENDING OWNER REVIEW",false,false,"MANUAL REVIEW","Imported asset candidate."
ASSET-ABOUT-002,"public/assets/about/745-x-550-Award-Image.webp","745-x-550-Award-Image.webp",webp,image,65314,745,550,1.35,LANDSCAPE,false,"Faculty/trainer","About team section grid","USABLE WITH OPTIMISATION",,"PENDING OWNER REVIEW",false,false,"MANUAL REVIEW","Imported asset candidate."
ASSET-ALUMINI-003,"public/assets/alumini/The-wall-of-fame-1.jpg","The-wall-of-fame-1.jpg",jpg,image,7686,253,320,0.79,PORTRAIT,false,"Placement","Alumni grid","LOW RESOLUTION",,"PENDING OWNER REVIEW",false,false,"MANUAL REVIEW","Imported asset candidate."
ASSET-ALUMINI-004,"public/assets/alumini/The-wall-of-fame-1.webp","The-wall-of-fame-1.webp",webp,image,10228,253,320,0.79,PORTRAIT,false,"Placement","Alumni grid","LOW RESOLUTION",,"PENDING OWNER REVIEW",false,false,"MANUAL REVIEW","Imported asset candidate."
ASSET-ALUMINI-005,"public/assets/alumini/The-wall-of-fame-2.jpg","The-wall-of-fame-2.jpg",jpg,image,7484,253,320,0.79,PORTRAIT,false,"Placement","Alumni grid","LOW RESOLUTION",,"PENDING OWNER REVIEW",false,false,"MANUAL REVIEW","Imported asset candidate."
ASSET-ALUMINI-006,"public/assets/alumini/The-wall-of-fame-2.webp","The-wall-of-fame-2.webp",webp,image,9572,253,320,0.79,PORTRAIT,false,"Placement","Alumni grid","LOW RESOLUTION",,"PENDING OWNER REVIEW",false,false,"MANUAL REVIEW","Imported asset candidate."
ASSET-ALUMINI-007,"public/assets/alumini/The-wall-of-fame-3.jpg","The-wall-of-fame-3.jpg",jpg,image,6951,253,320,0.79,PORTRAIT,false,"Placement","Alumni grid","LOW RESOLUTION",,"PENDING OWNER REVIEW",false,false,"MANUAL REVIEW","Imported asset candidate."
ASSET-ALUMINI-008,"public/assets/alumini/The-wall-of-fame-3.webp","The-wall-of-fame-3.webp",webp,image,8716,253,320,0.79,PORTRAIT,false,"Placement","Alumni grid","LOW RESOLUTION",,"PENDING OWNER REVIEW",false,false,"MANUAL REVIEW","Imported asset candidate."
ASSET-ALUMINI-009,"public/assets/alumini/The-wall-of-fame-4.jpg","The-wall-of-fame-4.jpg",jpg,image,8094,253,320,0.79,PORTRAIT,false,"Placement","Alumni grid","LOW RESOLUTION",,"PENDING OWNER REVIEW",false,false,"MANUAL REVIEW","Imported asset candidate."
ASSET-ALUMINI-010,"public/assets/alumini/The-wall-of-fame-4.webp","The-wall-of-fame-4.webp",webp,image,10940,253,320,0.79,PORTRAIT,false,"Placement","Alumni grid","LOW RESOLUTION",,"PENDING OWNER REVIEW",false,false,"MANUAL REVIEW","Imported asset candidate."
ASSET-ALUMINI-011,"public/assets/alumini/The-wall-of-fame-5.jpg","The-wall-of-fame-5.jpg",jpg,image,7603,253,320,0.79,PORTRAIT,false,"Placement","Alumni grid","LOW RESOLUTION",,"PENDING OWNER REVIEW",false,false,"MANUAL REVIEW","Imported asset candidate."
ASSET-ALUMINI-012,"public/assets/alumini/The-wall-of-fame-5.webp","The-wall-of-fame-5.webp",webp,image,9882,253,320,0.79,PORTRAIT,false,"Placement","Alumni grid","LOW RESOLUTION",,"PENDING OWNER REVIEW",false,false,"MANUAL REVIEW","Imported asset candidate."
ASSET-ALUMINI-013,"public/assets/alumini/The-wall-of-fame-6.jpg","The-wall-of-fame-6.jpg",jpg,image,8554,253,320,0.79,PORTRAIT,false,"Placement","Alumni grid","LOW RESOLUTION",,"PENDING OWNER REVIEW",false,false,"MANUAL REVIEW","Imported asset candidate."
ASSET-ALUMINI-014,"public/assets/alumini/The-wall-of-fame-6.webp","The-wall-of-fame-6.webp",webp,image,11490,253,320,0.79,PORTRAIT,false,"Placement","Alumni grid","LOW RESOLUTION",,"PENDING OWNER REVIEW",false,false,"MANUAL REVIEW","Imported asset candidate."
ASSET-ALUMINI-015,"public/assets/alumini/The-wall-of-fame-7.jpg","The-wall-of-fame-7.jpg",jpg,image,6708,253,320,0.79,PORTRAIT,false,"Placement","Alumni grid","LOW RESOLUTION",,"PENDING OWNER REVIEW",false,false,"MANUAL REVIEW","Imported asset candidate."
ASSET-ALUMINI-016,"public/assets/alumini/The-wall-of-fame-7.webp","The-wall-of-fame-7.webp",webp,image,8452,253,320,0.79,PORTRAIT,false,"Placement","Alumni grid","LOW RESOLUTION",,"PENDING OWNER REVIEW",false,false,"MANUAL REVIEW","Imported asset candidate."
ASSET-ALUMINI-017,"public/assets/alumini/The-wall-of-fame-8.jpg","The-wall-of-fame-8.jpg",jpg,image,7789,253,320,0.79,PORTRAIT,false,"Placement","Alumni grid","LOW RESOLUTION",,"PENDING OWNER REVIEW",false,false,"MANUAL REVIEW","Imported asset candidate."
ASSET-ALUMINI-018,"public/assets/alumini/The-wall-of-fame-8.webp","The-wall-of-fame-8.webp",webp,image,10294,253,320,0.79,PORTRAIT,false,"Placement","Alumni grid","LOW RESOLUTION",,"PENDING OWNER REVIEW",false,false,"MANUAL REVIEW","Imported asset candidate."
ASSET-AWARDS-019,"public/assets/awards/745 x 448 1.jpg","745 x 448 1.jpg",jpg,image,87793,745,448,1.66,LANDSCAPE,false,"Award","Trust badges row","USABLE WITH OPTIMISATION",,"PENDING OWNER REVIEW",false,false,"MANUAL REVIEW","Imported asset candidate."
ASSET-AWARDS-020,"public/assets/awards/745 x 448 1.webp","745 x 448 1.webp",webp,image,60412,745,448,1.66,LANDSCAPE,false,"Award","Trust badges row","USABLE WITH OPTIMISATION",,"PENDING OWNER REVIEW",false,false,"MANUAL REVIEW","Imported asset candidate."
ASSET-AWARDS-021,"public/assets/awards/745-x-550-Award-Image-2.jpg","745-x-550-Award-Image-2.jpg",jpg,image,71386,745,550,1.35,LANDSCAPE,false,"Award","Trust badges row","USABLE WITH OPTIMISATION",,"PENDING OWNER REVIEW",false,false,"MANUAL REVIEW","Imported asset candidate."
ASSET-AWARDS-022,"public/assets/awards/745-x-550-Award-Image-2.webp","745-x-550-Award-Image-2.webp",webp,image,44750,745,550,1.35,LANDSCAPE,false,"Award","Trust badges row","USABLE WITH OPTIMISATION",,"PENDING OWNER REVIEW",false,false,"MANUAL REVIEW","Imported asset candidate."
ASSET-AWARDS-023,"public/assets/awards/Award-1 - Copy.png","Award-1 - Copy.png",png,image,11919,200,200,1.00,SQUARE,true,"Award","Trust badges row","LOW RESOLUTION",DUP-GRP-001,"DUPLICATE REVIEW",false,false,"DUPLICATE REVIEW","Imported asset candidate."
ASSET-AWARDS-024,"public/assets/awards/Award-1.png","Award-1.png",png,image,11919,200,200,1.00,SQUARE,true,"Award","Trust badges row","LOW RESOLUTION",DUP-GRP-001,"PENDING OWNER REVIEW",false,false,"KEEP ORIGINAL","Imported asset candidate."
ASSET-AWARDS-025,"public/assets/awards/Award-1.webp","Award-1.webp",webp,image,4706,200,200,1.00,SQUARE,true,"Award","Trust badges row","LOW RESOLUTION",,"PENDING OWNER REVIEW",false,false,"MANUAL REVIEW","Imported asset candidate."
ASSET-AWARDS-026,"public/assets/awards/Award-2 - Copy.png","Award-2 - Copy.png",png,image,10638,200,200,1.00,SQUARE,true,"Award","Trust badges row","LOW RESOLUTION",DUP-GRP-002,"DUPLICATE REVIEW",false,false,"DUPLICATE REVIEW","Imported asset candidate."
ASSET-AWARDS-027,"public/assets/awards/Award-2 - Copy.webp","Award-2 - Copy.webp",webp,image,4342,200,200,1.00,SQUARE,true,"Award","Trust badges row","LOW RESOLUTION",DUP-GRP-003,"DUPLICATE REVIEW",false,false,"DUPLICATE REVIEW","Imported asset candidate."
ASSET-AWARDS-028,"public/assets/awards/Award-2.png","Award-2.png",png,image,10638,200,200,1.00,SQUARE,true,"Award","Trust badges row","LOW RESOLUTION",DUP-GRP-002,"PENDING OWNER REVIEW",false,false,"KEEP ORIGINAL","Imported asset candidate."
ASSET-AWARDS-029,"public/assets/awards/Award-2.webp","Award-2.webp",webp,image,4342,200,200,1.00,SQUARE,true,"Award","Trust badges row","LOW RESOLUTION",DUP-GRP-003,"PENDING OWNER REVIEW",false,false,"KEEP ORIGINAL","Imported asset candidate."
ASSET-AWARDS-030,"public/assets/awards/Award-3 - Copy.png","Award-3 - Copy.png",png,image,11963,200,200,1.00,SQUARE,true,"Award","Trust badges row","LOW RESOLUTION",DUP-GRP-004,"DUPLICATE REVIEW",false,false,"DUPLICATE REVIEW","Imported asset candidate."
ASSET-AWARDS-031,"public/assets/awards/Award-3 - Copy.webp","Award-3 - Copy.webp",webp,image,5050,200,200,1.00,SQUARE,true,"Award","Trust badges row","LOW RESOLUTION",DUP-GRP-005,"DUPLICATE REVIEW",false,false,"DUPLICATE REVIEW","Imported asset candidate."
ASSET-AWARDS-032,"public/assets/awards/Award-3.png","Award-3.png",png,image,11963,200,200,1.00,SQUARE,true,"Award","Trust badges row","LOW RESOLUTION",DUP-GRP-004,"PENDING OWNER REVIEW",false,false,"KEEP ORIGINAL","Imported asset candidate."
ASSET-AWARDS-033,"public/assets/awards/Award-3.webp","Award-3.webp",webp,image,5050,200,200,1.00,SQUARE,true,"Award","Trust badges row","LOW RESOLUTION",DUP-GRP-005,"PENDING OWNER REVIEW",false,false,"KEEP ORIGINAL","Imported asset candidate."
ASSET-AWARDS-034,"public/assets/awards/Award-4 - Copy.png","Award-4 - Copy.png",png,image,12267,200,200,1.00,SQUARE,true,"Award","Trust badges row","LOW RESOLUTION",DUP-GRP-006,"DUPLICATE REVIEW",false,false,"DUPLICATE REVIEW","Imported asset candidate."
ASSET-AWARDS-035,"public/assets/awards/Award-4 - Copy.webp","Award-4 - Copy.webp",webp,image,4882,200,200,1.00,SQUARE,true,"Award","Trust badges row","LOW RESOLUTION",DUP-GRP-007,"DUPLICATE REVIEW",false,false,"DUPLICATE REVIEW","Imported asset candidate."
ASSET-AWARDS-036,"public/assets/awards/Award-4.png","Award-4.png",png,image,12267,200,200,1.00,SQUARE,true,"Award","Trust badges row","LOW RESOLUTION",DUP-GRP-006,"PENDING OWNER REVIEW",false,false,"KEEP ORIGINAL","Imported asset candidate."
ASSET-AWARDS-037,"public/assets/awards/Award-4.webp","Award-4.webp",webp,image,4882,200,200,1.00,SQUARE,true,"Award","Trust badges row","LOW RESOLUTION",DUP-GRP-007,"PENDING OWNER REVIEW",false,false,"KEEP ORIGINAL","Imported asset candidate."
ASSET-AWARDS-038,"public/assets/awards/Award-5 - Copy.png","Award-5 - Copy.png",png,image,10909,200,200,1.00,SQUARE,true,"Award","Trust badges row","LOW RESOLUTION",DUP-GRP-008,"DUPLICATE REVIEW",false,false,"DUPLICATE REVIEW","Imported asset candidate."
ASSET-AWARDS-039,"public/assets/awards/Award-5 - Copy.webp","Award-5 - Copy.webp",webp,image,4646,200,200,1.00,SQUARE,true,"Award","Trust badges row","LOW RESOLUTION",DUP-GRP-009,"DUPLICATE REVIEW",false,false,"DUPLICATE REVIEW","Imported asset candidate."
ASSET-AWARDS-040,"public/assets/awards/Award-5.png","Award-5.png",png,image,10909,200,200,1.00,SQUARE,true,"Award","Trust badges row","LOW RESOLUTION",DUP-GRP-008,"PENDING OWNER REVIEW",false,false,"KEEP ORIGINAL","Imported asset candidate."
ASSET-AWARDS-041,"public/assets/awards/Award-5.webp","Award-5.webp",webp,image,4646,200,200,1.00,SQUARE,true,"Award","Trust badges row","LOW RESOLUTION",DUP-GRP-009,"PENDING OWNER REVIEW",false,false,"KEEP ORIGINAL","Imported asset candidate."
ASSET-AWARDS-042,"public/assets/awards/Award-6 - Copy.png","Award-6 - Copy.png",png,image,12630,200,200,1.00,SQUARE,true,"Award","Trust badges row","LOW RESOLUTION",DUP-GRP-010,"DUPLICATE REVIEW",false,false,"DUPLICATE REVIEW","Imported asset candidate."
ASSET-AWARDS-043,"public/assets/awards/Award-6 - Copy.webp","Award-6 - Copy.webp",webp,image,4352,200,200,1.00,SQUARE,true,"Award","Trust badges row","LOW RESOLUTION",DUP-GRP-011,"DUPLICATE REVIEW",false,false,"DUPLICATE REVIEW","Imported asset candidate."
ASSET-AWARDS-044,"public/assets/awards/Award-6.png","Award-6.png",png,image,12630,200,200,1.00,SQUARE,true,"Award","Trust badges row","LOW RESOLUTION",DUP-GRP-010,"PENDING OWNER REVIEW",false,false,"KEEP ORIGINAL","Imported asset candidate."
ASSET-AWARDS-045,"public/assets/awards/Award-6.webp","Award-6.webp",webp,image,4352,200,200,1.00,SQUARE,true,"Award","Trust badges row","LOW RESOLUTION",DUP-GRP-011,"PENDING OWNER REVIEW",false,false,"KEEP ORIGINAL","Imported asset candidate."
ASSET-AWARDS-046,"public/assets/awards/ZEE24-745X448-PIXEL.jpg","ZEE24-745X448-PIXEL.jpg",jpg,image,36029,745,448,1.66,LANDSCAPE,false,"Award","Trust badges row","USABLE WITH OPTIMISATION",,"PENDING OWNER REVIEW",false,false,"MANUAL REVIEW","Imported asset candidate."
ASSET-AWARDS-047,"public/assets/awards/ZEE24-745X448-PIXEL.webp","ZEE24-745X448-PIXEL.webp",webp,image,55098,745,448,1.66,LANDSCAPE,false,"Award","Trust badges row","USABLE WITH OPTIMISATION",,"PENDING OWNER REVIEW",false,false,"MANUAL REVIEW","Imported asset candidate."
ASSET-CAMPUSES-048,"public/assets/campuses/Ecommerce-marketing-training.jpg","Ecommerce-marketing-training.jpg",jpg,image,26752,550,412,1.33,LANDSCAPE,false,"Campus interior","Campus location detail slider","USABLE WITH OPTIMISATION",,"PENDING OWNER REVIEW",false,false,"MANUAL REVIEW","Imported asset candidate."
ASSET-CAMPUSES-049,"public/assets/campuses/Ecommerce-marketing-training.webp","Ecommerce-marketing-training.webp",webp,image,40988,550,412,1.33,LANDSCAPE,false,"Campus interior","Campus location detail slider","USABLE WITH OPTIMISATION",,"PENDING OWNER REVIEW",false,false,"MANUAL REVIEW","Imported asset candidate."
ASSET-CAMPUSES-050,"public/assets/campuses/Ecommerce-training-1.jpg","Ecommerce-training-1.jpg",jpg,image,27549,500,500,1.00,SQUARE,false,"Campus interior","Campus location detail slider","USABLE WITH OPTIMISATION",,"PENDING OWNER REVIEW",false,false,"MANUAL REVIEW","Imported asset candidate."
ASSET-CAMPUSES-051,"public/assets/campuses/Ecommerce-training-1.webp","Ecommerce-training-1.webp",webp,image,40718,500,500,1.00,SQUARE,false,"Campus interior","Campus location detail slider","USABLE WITH OPTIMISATION",,"PENDING OWNER REVIEW",false,false,"MANUAL REVIEW","Imported asset candidate."
ASSET-CAMPUSES-052,"public/assets/campuses/Ecommerce-training-2.jpg","Ecommerce-training-2.jpg",jpg,image,30010,500,500,1.00,SQUARE,false,"Campus interior","Campus location detail slider","USABLE WITH OPTIMISATION",,"PENDING OWNER REVIEW",false,false,"MANUAL REVIEW","Imported asset candidate."
ASSET-CAMPUSES-053,"public/assets/campuses/Ecommerce-training-2.webp","Ecommerce-training-2.webp",webp,image,47066,500,500,1.00,SQUARE,false,"Campus interior","Campus location detail slider","USABLE WITH OPTIMISATION",,"PENDING OWNER REVIEW",false,false,"MANUAL REVIEW","Imported asset candidate."
ASSET-CAMPUSES-054,"public/assets/campuses/Ecommerce-training-3.jpg","Ecommerce-training-3.jpg",jpg,image,27306,500,500,1.00,SQUARE,false,"Campus interior","Campus location detail slider","USABLE WITH OPTIMISATION",,"PENDING OWNER REVIEW",false,false,"MANUAL REVIEW","Imported asset candidate."
ASSET-CAMPUSES-055,"public/assets/campuses/Ecommerce-training-3.webp","Ecommerce-training-3.webp",webp,image,42570,500,500,1.00,SQUARE,false,"Campus interior","Campus location detail slider","USABLE WITH OPTIMISATION",,"PENDING OWNER REVIEW",false,false,"MANUAL REVIEW","Imported asset candidate."
ASSET-CAMPUSES-056,"public/assets/campuses/Ecommerce-training-4.jpg","Ecommerce-training-4.jpg",jpg,image,31868,500,500,1.00,SQUARE,false,"Campus interior","Campus location detail slider","USABLE WITH OPTIMISATION",,"PENDING OWNER REVIEW",false,false,"MANUAL REVIEW","Imported asset candidate."
ASSET-CAMPUSES-057,"public/assets/campuses/Ecommerce-training-4.webp","Ecommerce-training-4.webp",webp,image,51990,500,500,1.00,SQUARE,false,"Campus interior","Campus location detail slider","USABLE WITH OPTIMISATION",,"PENDING OWNER REVIEW",false,false,"MANUAL REVIEW","Imported asset candidate."
ASSET-CAMPUSES-058,"public/assets/campuses/Ecommerce-training-5.jpg","Ecommerce-training-5.jpg",jpg,image,28245,500,500,1.00,SQUARE,false,"Campus interior","Campus location detail slider","USABLE WITH OPTIMISATION",,"PENDING OWNER REVIEW",false,false,"MANUAL REVIEW","Imported asset candidate."
ASSET-CAMPUSES-059,"public/assets/campuses/Ecommerce-training-5.webp","Ecommerce-training-5.webp",webp,image,44432,500,500,1.00,SQUARE,false,"Campus interior","Campus location detail slider","USABLE WITH OPTIMISATION",,"PENDING OWNER REVIEW",false,false,"MANUAL REVIEW","Imported asset candidate."
ASSET-CAMPUSES-060,"public/assets/campuses/Ecommerce-training-6.jpg","Ecommerce-training-6.jpg",jpg,image,27327,500,500,1.00,SQUARE,false,"Campus interior","Campus location detail slider","USABLE WITH OPTIMISATION",,"PENDING OWNER REVIEW",false,false,"MANUAL REVIEW","Imported asset candidate."
ASSET-CAMPUSES-061,"public/assets/campuses/Guest-session-at-ASDM-1.jpg","Guest-session-at-ASDM-1.jpg",jpg,image,35994,884,400,2.21,PANORAMIC,false,"Campus interior","Campus location detail slider","GOOD",,"PENDING OWNER REVIEW",false,false,"MANUAL REVIEW","Imported asset candidate."
ASSET-CAMPUSES-062,"public/assets/campuses/Guest-session-at-ASDM-1.webp","Guest-session-at-ASDM-1.webp",webp,image,55766,884,400,2.21,PANORAMIC,false,"Campus interior","Campus location detail slider","GOOD",,"PENDING OWNER REVIEW",false,false,"MANUAL REVIEW","Imported asset candidate."
ASSET-CAMPUSES-063,"public/assets/campuses/Guest-session-at-ASDM-2.jpg","Guest-session-at-ASDM-2.jpg",jpg,image,38027,884,400,2.21,PANORAMIC,false,"Campus interior","Campus location detail slider","GOOD",,"PENDING OWNER REVIEW",false,false,"MANUAL REVIEW","Imported asset candidate."
ASSET-CAMPUSES-064,"public/assets/campuses/Guest-session-at-ASDM-2.webp","Guest-session-at-ASDM-2.webp",webp,image,61116,884,400,2.21,PANORAMIC,false,"Campus interior","Campus location detail slider","GOOD",,"PENDING OWNER REVIEW",false,false,"MANUAL REVIEW","Imported asset candidate."
ASSET-CAMPUSES-065,"public/assets/campuses/Guest-session-at-ASDM-3.jpg","Guest-session-at-ASDM-3.jpg",jpg,image,18032,522,297,1.76,LANDSCAPE,false,"Campus interior","Campus location detail slider","USABLE WITH OPTIMISATION",,"PENDING OWNER REVIEW",false,false,"MANUAL REVIEW","Imported asset candidate."
ASSET-CAMPUSES-066,"public/assets/campuses/Guest-session-at-ASDM-3.webp","Guest-session-at-ASDM-3.webp",webp,image,28326,522,297,1.76,LANDSCAPE,false,"Campus interior","Campus location detail slider","USABLE WITH OPTIMISATION",,"PENDING OWNER REVIEW",false,false,"MANUAL REVIEW","Imported asset candidate."
ASSET-CAMPUSES-067,"public/assets/campuses/Guest-session-at-ASDM-4.jpg","Guest-session-at-ASDM-4.jpg",jpg,image,20332,522,297,1.76,LANDSCAPE,false,"Campus interior","Campus location detail slider","USABLE WITH OPTIMISATION",,"PENDING OWNER REVIEW",false,false,"MANUAL REVIEW","Imported asset candidate."
ASSET-CAMPUSES-068,"public/assets/campuses/Guest-session-at-ASDM-4.webp","Guest-session-at-ASDM-4.webp",webp,image,32680,522,297,1.76,LANDSCAPE,false,"Campus interior","Campus location detail slider","USABLE WITH OPTIMISATION",,"PENDING OWNER REVIEW",false,false,"MANUAL REVIEW","Imported asset candidate."
ASSET-CAMPUSES-069,"public/assets/campuses/Guest-session-at-ASDM-5.jpg","Guest-session-at-ASDM-5.jpg",jpg,image,12387,338,297,1.14,LANDSCAPE,false,"Campus interior","Campus location detail slider","USABLE WITH OPTIMISATION",,"PENDING OWNER REVIEW",false,false,"MANUAL REVIEW","Imported asset candidate."
ASSET-CAMPUSES-070,"public/assets/campuses/Guest-session-at-ASDM-5.webp","Guest-session-at-ASDM-5.webp",webp,image,19412,338,297,1.14,LANDSCAPE,false,"Campus interior","Campus location detail slider","USABLE WITH OPTIMISATION",,"PENDING OWNER REVIEW",false,false,"MANUAL REVIEW","Imported asset candidate."
ASSET-CAMPUSES-071,"public/assets/campuses/Guest-session-at-ASDM-6.jpg","Guest-session-at-ASDM-6.jpg",jpg,image,14958,338,297,1.14,LANDSCAPE,false,"Campus interior","Campus location detail slider","USABLE WITH OPTIMISATION",,"PENDING OWNER REVIEW",false,false,"MANUAL REVIEW","Imported asset candidate."
ASSET-CAMPUSES-072,"public/assets/campuses/Guest-session-at-ASDM-6.webp","Guest-session-at-ASDM-6.webp",webp,image,24986,338,297,1.14,LANDSCAPE,false,"Campus interior","Campus location detail slider","USABLE WITH OPTIMISATION",,"PENDING OWNER REVIEW",false,false,"MANUAL REVIEW","Imported asset candidate."
ASSET-CAMPUSES-073,"public/assets/campuses/Guest-session-photos-1.jpg","Guest-session-photos-1.jpg",jpg,image,47902,884,400,2.21,PANORAMIC,false,"Campus interior","Campus location detail slider","GOOD",,"PENDING OWNER REVIEW",false,false,"MANUAL REVIEW","Imported asset candidate."
ASSET-CAMPUSES-074,"public/assets/campuses/Guest-session-photos-1.webp","Guest-session-photos-1.webp",webp,image,80292,884,400,2.21,PANORAMIC,false,"Campus interior","Campus location detail slider","GOOD",,"PENDING OWNER REVIEW",false,false,"MANUAL REVIEW","Imported asset candidate."
ASSET-CAMPUSES-075,"public/assets/campuses/Guest-session-photos-2.jpg","Guest-session-photos-2.jpg",jpg,image,35752,884,400,2.21,PANORAMIC,false,"Campus interior","Campus location detail slider","GOOD",,"PENDING OWNER REVIEW",false,false,"MANUAL REVIEW","Imported asset candidate."
ASSET-CAMPUSES-076,"public/assets/campuses/Guest-session-photos-2.webp","Guest-session-photos-2.webp",webp,image,52772,884,400,2.21,PANORAMIC,false,"Campus interior","Campus location detail slider","GOOD",,"PENDING OWNER REVIEW",false,false,"MANUAL REVIEW","Imported asset candidate."
ASSET-CAMPUSES-077,"public/assets/campuses/Guest-session-photos-3.jpg","Guest-session-photos-3.jpg",jpg,image,21066,522,297,1.76,LANDSCAPE,false,"Campus interior","Campus location detail slider","USABLE WITH OPTIMISATION",,"PENDING OWNER REVIEW",false,false,"MANUAL REVIEW","Imported asset candidate."
ASSET-CAMPUSES-078,"public/assets/campuses/Guest-session-photos-3.webp","Guest-session-photos-3.webp",webp,image,33258,522,297,1.76,LANDSCAPE,false,"Campus interior","Campus location detail slider","USABLE WITH OPTIMISATION",,"PENDING OWNER REVIEW",false,false,"MANUAL REVIEW","Imported asset candidate."
ASSET-CAMPUSES-079,"public/assets/campuses/Guest-session-photos-4.jpg","Guest-session-photos-4.jpg",jpg,image,15066,522,297,1.76,LANDSCAPE,false,"Campus interior","Campus location detail slider","USABLE WITH OPTIMISATION",,"PENDING OWNER REVIEW",false,false,"MANUAL REVIEW","Imported asset candidate."
ASSET-CAMPUSES-080,"public/assets/campuses/Guest-session-photos-4.webp","Guest-session-photos-4.webp",webp,image,20222,522,297,1.76,LANDSCAPE,false,"Campus interior","Campus location detail slider","USABLE WITH OPTIMISATION",,"PENDING OWNER REVIEW",false,false,"MANUAL REVIEW","Imported asset candidate."
ASSET-CAMPUSES-081,"public/assets/campuses/Guest-session-photos-5.jpg","Guest-session-photos-5.jpg",jpg,image,12868,338,297,1.14,LANDSCAPE,false,"Campus interior","Campus location detail slider","USABLE WITH OPTIMISATION",,"PENDING OWNER REVIEW",false,false,"MANUAL REVIEW","Imported asset candidate."
ASSET-CAMPUSES-082,"public/assets/campuses/Guest-session-photos-5.webp","Guest-session-photos-5.webp",webp,image,19832,338,297,1.14,LANDSCAPE,false,"Campus interior","Campus location detail slider","USABLE WITH OPTIMISATION",,"PENDING OWNER REVIEW",false,false,"MANUAL REVIEW","Imported asset candidate."
ASSET-CAMPUSES-083,"public/assets/campuses/Guest-session-photos-6.jpg","Guest-session-photos-6.jpg",jpg,image,10430,338,297,1.14,LANDSCAPE,false,"Campus interior","Campus location detail slider","USABLE WITH OPTIMISATION",,"PENDING OWNER REVIEW",false,false,"MANUAL REVIEW","Imported asset candidate."
ASSET-CAMPUSES-084,"public/assets/campuses/Guest-session-photos-6.webp","Guest-session-photos-6.webp",webp,image,14426,338,297,1.14,LANDSCAPE,false,"Campus interior","Campus location detail slider","USABLE WITH OPTIMISATION",,"PENDING OWNER REVIEW",false,false,"MANUAL REVIEW","Imported asset candidate."
ASSET-CAMPUSES-085,"public/assets/campuses/International-Freelancing-Training.jpg","International-Freelancing-Training.jpg",jpg,image,24715,550,412,1.33,LANDSCAPE,false,"Campus interior","Campus location detail slider","USABLE WITH OPTIMISATION",,"PENDING OWNER REVIEW",false,false,"MANUAL REVIEW","Imported asset candidate."
ASSET-CAMPUSES-086,"public/assets/campuses/International-Freelancing-Training.webp","International-Freelancing-Training.webp",webp,image,39422,550,412,1.33,LANDSCAPE,false,"Campus interior","Campus location detail slider","USABLE WITH OPTIMISATION",,"PENDING OWNER REVIEW",false,false,"MANUAL REVIEW","Imported asset candidate."
ASSET-CAMPUSES-087,"public/assets/campuses/Internship-Photos-1.jpg","Internship-Photos-1.jpg",jpg,image,35710,884,400,2.21,PANORAMIC,false,"Campus interior","Campus location detail slider","GOOD",,"PENDING OWNER REVIEW",false,false,"MANUAL REVIEW","Imported asset candidate."
ASSET-CAMPUSES-088,"public/assets/campuses/Internship-Photos-1.webp","Internship-Photos-1.webp",webp,image,56314,884,400,2.21,PANORAMIC,false,"Campus interior","Campus location detail slider","GOOD",,"PENDING OWNER REVIEW",false,false,"MANUAL REVIEW","Imported asset candidate."
ASSET-CAMPUSES-089,"public/assets/campuses/Internship-Photos-2.jpg","Internship-Photos-2.jpg",jpg,image,44448,884,400,2.21,PANORAMIC,false,"Campus interior","Campus location detail slider","GOOD",,"PENDING OWNER REVIEW",false,false,"MANUAL REVIEW","Imported asset candidate."
ASSET-CAMPUSES-090,"public/assets/campuses/Internship-Photos-2.webp","Internship-Photos-2.webp",webp,image,70176,884,400,2.21,PANORAMIC,false,"Campus interior","Campus location detail slider","GOOD",,"PENDING OWNER REVIEW",false,false,"MANUAL REVIEW","Imported asset candidate."
ASSET-CAMPUSES-091,"public/assets/campuses/Internship-Photos-3.jpg","Internship-Photos-3.jpg",jpg,image,15855,522,297,1.76,LANDSCAPE,false,"Campus interior","Campus location detail slider","USABLE WITH OPTIMISATION",,"PENDING OWNER REVIEW",false,false,"MANUAL REVIEW","Imported asset candidate."
ASSET-CAMPUSES-092,"public/assets/campuses/Internship-Photos-3.webp","Internship-Photos-3.webp",webp,image,23112,522,297,1.76,LANDSCAPE,false,"Campus interior","Campus location detail slider","USABLE WITH OPTIMISATION",,"PENDING OWNER REVIEW",false,false,"MANUAL REVIEW","Imported asset candidate."
ASSET-CAMPUSES-093,"public/assets/campuses/Internship-Photos-4.jpg","Internship-Photos-4.jpg",jpg,image,15575,522,297,1.76,LANDSCAPE,false,"Campus interior","Campus location detail slider","USABLE WITH OPTIMISATION",,"PENDING OWNER REVIEW",false,false,"MANUAL REVIEW","Imported asset candidate."
ASSET-CAMPUSES-094,"public/assets/campuses/Internship-Photos-4.webp","Internship-Photos-4.webp",webp,image,22686,522,297,1.76,LANDSCAPE,false,"Campus interior","Campus location detail slider","USABLE WITH OPTIMISATION",,"PENDING OWNER REVIEW",false,false,"MANUAL REVIEW","Imported asset candidate."
ASSET-CAMPUSES-095,"public/assets/campuses/Internship-Photos-5.jpg","Internship-Photos-5.jpg",jpg,image,11724,338,297,1.14,LANDSCAPE,false,"Campus interior","Campus location detail slider","USABLE WITH OPTIMISATION",,"PENDING OWNER REVIEW",false,false,"MANUAL REVIEW","Imported asset candidate."
ASSET-CAMPUSES-096,"public/assets/campuses/Internship-Photos-5.webp","Internship-Photos-5.webp",webp,image,17154,338,297,1.14,LANDSCAPE,false,"Campus interior","Campus location detail slider","USABLE WITH OPTIMISATION",,"PENDING OWNER REVIEW",false,false,"MANUAL REVIEW","Imported asset candidate."
ASSET-CAMPUSES-097,"public/assets/campuses/Internship-Photos-6.jpg","Internship-Photos-6.jpg",jpg,image,13320,338,297,1.14,LANDSCAPE,false,"Campus interior","Campus location detail slider","USABLE WITH OPTIMISATION",,"PENDING OWNER REVIEW",false,false,"MANUAL REVIEW","Imported asset candidate."
ASSET-CAMPUSES-098,"public/assets/campuses/Internship-Photos-6.webp","Internship-Photos-6.webp",webp,image,21164,338,297,1.14,LANDSCAPE,false,"Campus interior","Campus location detail slider","USABLE WITH OPTIMISATION",,"PENDING OWNER REVIEW",false,false,"MANUAL REVIEW","Imported asset candidate."
ASSET-CAMPUSES-099,"public/assets/campuses/Live-Campus-Photos-1.jpg","Live-Campus-Photos-1.jpg",jpg,image,36445,884,400,2.21,PANORAMIC,false,"Campus interior","Campus location detail slider","GOOD",,"PENDING OWNER REVIEW",false,false,"MANUAL REVIEW","Imported asset candidate."
ASSET-CAMPUSES-100,"public/assets/campuses/Live-Campus-Photos-1.webp","Live-Campus-Photos-1.webp",webp,image,55066,884,400,2.21,PANORAMIC,false,"Campus interior","Campus location detail slider","GOOD",,"PENDING OWNER REVIEW",false,false,"MANUAL REVIEW","Imported asset candidate."
ASSET-CAMPUSES-101,"public/assets/campuses/Live-Campus-Photos-2.jpg","Live-Campus-Photos-2.jpg",jpg,image,48173,884,400,2.21,PANORAMIC,false,"Campus interior","Campus location detail slider","GOOD",,"PENDING OWNER REVIEW",false,false,"MANUAL REVIEW","Imported asset candidate."
ASSET-CAMPUSES-102,"public/assets/campuses/Live-Campus-Photos-2.webp","Live-Campus-Photos-2.webp",webp,image,80750,884,400,2.21,PANORAMIC,false,"Campus interior","Campus location detail slider","GOOD",,"PENDING OWNER REVIEW",false,false,"MANUAL REVIEW","Imported asset candidate."
ASSET-CAMPUSES-103,"public/assets/campuses/Live-Campus-Photos-3.jpg","Live-Campus-Photos-3.jpg",jpg,image,29292,522,297,1.76,LANDSCAPE,false,"Campus interior","Campus location detail slider","USABLE WITH OPTIMISATION",,"PENDING OWNER REVIEW",false,false,"MANUAL REVIEW","Imported asset candidate."
ASSET-CAMPUSES-104,"public/assets/campuses/Live-Campus-Photos-3.webp","Live-Campus-Photos-3.webp",webp,image,51982,522,297,1.76,LANDSCAPE,false,"Campus interior","Campus location detail slider","USABLE WITH OPTIMISATION",,"PENDING OWNER REVIEW",false,false,"MANUAL REVIEW","Imported asset candidate."
ASSET-CAMPUSES-105,"public/assets/campuses/Live-Campus-Photos-4.jpg","Live-Campus-Photos-4.jpg",jpg,image,16236,522,297,1.76,LANDSCAPE,false,"Campus interior","Campus location detail slider","USABLE WITH OPTIMISATION",,"PENDING OWNER REVIEW",false,false,"MANUAL REVIEW","Imported asset candidate."
ASSET-CAMPUSES-106,"public/assets/campuses/Live-Campus-Photos-4.webp","Live-Campus-Photos-4.webp",webp,image,24430,522,297,1.76,LANDSCAPE,false,"Campus interior","Campus location detail slider","USABLE WITH OPTIMISATION",,"PENDING OWNER REVIEW",false,false,"MANUAL REVIEW","Imported asset candidate."
ASSET-CAMPUSES-107,"public/assets/campuses/Live-Campus-Photos-5.jpg","Live-Campus-Photos-5.jpg",jpg,image,14066,338,297,1.14,LANDSCAPE,false,"Campus interior","Campus location detail slider","USABLE WITH OPTIMISATION",,"PENDING OWNER REVIEW",false,false,"MANUAL REVIEW","Imported asset candidate."
ASSET-CAMPUSES-108,"public/assets/campuses/Live-Campus-Photos-5.webp","Live-Campus-Photos-5.webp",webp,image,22206,338,297,1.14,LANDSCAPE,false,"Campus interior","Campus location detail slider","USABLE WITH OPTIMISATION",,"PENDING OWNER REVIEW",false,false,"MANUAL REVIEW","Imported asset candidate."
ASSET-CAMPUSES-109,"public/assets/campuses/Live-Campus-Photos-6.jpg","Live-Campus-Photos-6.jpg",jpg,image,18107,338,297,1.14,LANDSCAPE,false,"Campus interior","Campus location detail slider","USABLE WITH OPTIMISATION",,"PENDING OWNER REVIEW",false,false,"MANUAL REVIEW","Imported asset candidate."
ASSET-CAMPUSES-110,"public/assets/campuses/Live-Campus-Photos-6.webp","Live-Campus-Photos-6.webp",webp,image,31764,338,297,1.14,LANDSCAPE,false,"Campus interior","Campus location detail slider","USABLE WITH OPTIMISATION",,"PENDING OWNER REVIEW",false,false,"MANUAL REVIEW","Imported asset candidate."
ASSET-CAMPUSES-111,"public/assets/campuses/P-1.jpg","P-1.jpg",jpg,image,76455,338,297,1.14,LANDSCAPE,false,"Campus interior","Campus location detail slider","USABLE WITH OPTIMISATION",,"PENDING OWNER REVIEW",false,false,"MANUAL REVIEW","Imported asset candidate."
ASSET-CAMPUSES-112,"public/assets/campuses/P-1.webp","P-1.webp",webp,image,19276,338,297,1.14,LANDSCAPE,false,"Campus interior","Campus location detail slider","USABLE WITH OPTIMISATION",,"PENDING OWNER REVIEW",false,false,"MANUAL REVIEW","Imported asset candidate."
ASSET-CAMPUSES-113,"public/assets/campuses/P-2.jpg","P-2.jpg",jpg,image,193262,884,400,2.21,PANORAMIC,false,"Campus interior","Campus location detail slider","GOOD",,"PENDING OWNER REVIEW",false,false,"MANUAL REVIEW","Imported asset candidate."
ASSET-CAMPUSES-114,"public/assets/campuses/P-2.webp","P-2.webp",webp,image,39464,884,400,2.21,PANORAMIC,false,"Campus interior","Campus location detail slider","GOOD",,"PENDING OWNER REVIEW",false,false,"MANUAL REVIEW","Imported asset candidate."
ASSET-CAMPUSES-115,"public/assets/campuses/P-3.jpg","P-3.jpg",jpg,image,89240,522,297,1.76,LANDSCAPE,false,"Campus interior","Campus location detail slider","USABLE WITH OPTIMISATION",,"PENDING OWNER REVIEW",false,false,"MANUAL REVIEW","Imported asset candidate."
ASSET-CAMPUSES-116,"public/assets/campuses/P-3.webp","P-3.webp",webp,image,19704,522,297,1.76,LANDSCAPE,false,"Campus interior","Campus location detail slider","USABLE WITH OPTIMISATION",,"PENDING OWNER REVIEW",false,false,"MANUAL REVIEW","Imported asset candidate."
ASSET-CAMPUSES-117,"public/assets/campuses/P-4.jpg","P-4.jpg",jpg,image,70166,338,297,1.14,LANDSCAPE,false,"Campus interior","Campus location detail slider","USABLE WITH OPTIMISATION",,"PENDING OWNER REVIEW",false,false,"MANUAL REVIEW","Imported asset candidate."
ASSET-CAMPUSES-118,"public/assets/campuses/P-4.webp","P-4.webp",webp,image,14542,338,297,1.14,LANDSCAPE,false,"Campus interior","Campus location detail slider","USABLE WITH OPTIMISATION",,"PENDING OWNER REVIEW",false,false,"MANUAL REVIEW","Imported asset candidate."
ASSET-CAMPUSES-119,"public/assets/campuses/P-5.jpg","P-5.jpg",jpg,image,218027,884,400,2.21,PANORAMIC,false,"Campus interior","Campus location detail slider","GOOD",,"PENDING OWNER REVIEW",false,false,"MANUAL REVIEW","Imported asset candidate."
ASSET-CAMPUSES-120,"public/assets/campuses/P-5.webp","P-5.webp",webp,image,53112,884,400,2.21,PANORAMIC,false,"Campus interior","Campus location detail slider","GOOD",,"PENDING OWNER REVIEW",false,false,"MANUAL REVIEW","Imported asset candidate."
ASSET-CAMPUSES-121,"public/assets/campuses/P-6.jpg","P-6.jpg",jpg,image,98289,522,297,1.76,LANDSCAPE,false,"Campus interior","Campus location detail slider","USABLE WITH OPTIMISATION",,"PENDING OWNER REVIEW",false,false,"MANUAL REVIEW","Imported asset candidate."
ASSET-CAMPUSES-122,"public/assets/campuses/P-6.webp","P-6.webp",webp,image,17376,522,297,1.76,LANDSCAPE,false,"Campus interior","Campus location detail slider","USABLE WITH OPTIMISATION",,"PENDING OWNER REVIEW",false,false,"MANUAL REVIEW","Imported asset candidate."
ASSET-HOMEPAGE-123,"public/assets/homepage/hero/Banner-1-Mobile-view (1).jpg","Banner-1-Mobile-view (1).jpg",jpg,image,102763,1080,1820,0.59,PORTRAIT,false,"Students","Homepage section cover","GOOD",,"PENDING OWNER REVIEW",true,false,"MANUAL REVIEW","Contains human portrait; requires model consent."
ASSET-HOMEPAGE-124,"public/assets/homepage/hero/Banner-1-Mobile-view (1).webp","Banner-1-Mobile-view (1).webp",webp,image,131722,1080,1820,0.59,PORTRAIT,false,"Students","Homepage section cover","GOOD",,"PENDING OWNER REVIEW",true,false,"MANUAL REVIEW","Contains human portrait; requires model consent."
ASSET-HOMEPAGE-125,"public/assets/homepage/hero/Banner-1-Mobile-view.jpg","Banner-1-Mobile-view.jpg",jpg,image,106246,1080,1920,0.56,PORTRAIT,false,"Students","Homepage section cover","GOOD",,"PENDING OWNER REVIEW",true,false,"MANUAL REVIEW","Contains human portrait; requires model consent."
ASSET-HOMEPAGE-126,"public/assets/homepage/hero/Banner-1-Mobile-view.webp","Banner-1-Mobile-view.webp",webp,image,136920,1080,1920,0.56,PORTRAIT,false,"Students","Homepage section cover","GOOD",,"PENDING OWNER REVIEW",true,false,"MANUAL REVIEW","Contains human portrait; requires model consent."
ASSET-HOMEPAGE-127,"public/assets/homepage/hero/Banner-1.jpg","Banner-1.jpg",jpg,image,79089,1920,800,2.40,PANORAMIC,false,"Students","Homepage section cover","GOOD",,"PENDING OWNER REVIEW",true,false,"MANUAL REVIEW","Contains human portrait; requires model consent."
ASSET-HOMEPAGE-128,"public/assets/homepage/hero/Banner-1.webp","Banner-1.webp",webp,image,104678,1920,800,2.40,PANORAMIC,false,"Students","Homepage section cover","GOOD",,"PENDING OWNER REVIEW",true,false,"MANUAL REVIEW","Contains human portrait; requires model consent."
ASSET-HOMEPAGE-129,"public/assets/homepage/hero/Banner-3-For-Surat (1).jpg","Banner-3-For-Surat (1).jpg",jpg,image,117092,1920,800,2.40,PANORAMIC,false,"Students","Homepage section cover","GOOD",,"PENDING OWNER REVIEW",true,false,"MANUAL REVIEW","Contains human portrait; requires model consent."
ASSET-HOMEPAGE-130,"public/assets/homepage/hero/Banner-3-For-Surat (1).webp","Banner-3-For-Surat (1).webp",webp,image,159716,1920,800,2.40,PANORAMIC,false,"Students","Homepage section cover","GOOD",,"PENDING OWNER REVIEW",true,false,"MANUAL REVIEW","Contains human portrait; requires model consent."
ASSET-HOMEPAGE-131,"public/assets/homepage/hero/Banner-3-For-Surat-Mobile-View (1).jpg","Banner-3-For-Surat-Mobile-View (1).jpg",jpg,image,133886,1080,1820,0.59,PORTRAIT,false,"Students","Homepage section cover","GOOD",,"PENDING OWNER REVIEW",true,false,"MANUAL REVIEW","Contains human portrait; requires model consent."
ASSET-HOMEPAGE-132,"public/assets/homepage/hero/Banner-3-For-Surat-Mobile-View (1).webp","Banner-3-For-Surat-Mobile-View (1).webp",webp,image,175430,1080,1820,0.59,PORTRAIT,false,"Students","Homepage section cover","GOOD",,"PENDING OWNER REVIEW",true,false,"MANUAL REVIEW","Contains human portrait; requires model consent."
ASSET-HOMEPAGE-133,"public/assets/homepage/hero/Banner-3-For-Surat-Mobile-View.jpg","Banner-3-For-Surat-Mobile-View.jpg",jpg,image,132528,1080,1820,0.59,PORTRAIT,false,"Students","Homepage section cover","GOOD",,"PENDING OWNER REVIEW",true,false,"MANUAL REVIEW","Contains human portrait; requires model consent."
ASSET-HOMEPAGE-134,"public/assets/homepage/hero/Banner-3-For-Surat-Mobile-View.webp","Banner-3-For-Surat-Mobile-View.webp",webp,image,173470,1080,1820,0.59,PORTRAIT,false,"Students","Homepage section cover","GOOD",,"PENDING OWNER REVIEW",true,false,"MANUAL REVIEW","Contains human portrait; requires model consent."
ASSET-HOMEPAGE-135,"public/assets/homepage/hero/Banner-3-For-Surat.jpg","Banner-3-For-Surat.jpg",jpg,image,116148,1920,800,2.40,PANORAMIC,false,"Students","Homepage section cover","GOOD",,"PENDING OWNER REVIEW",true,false,"MANUAL REVIEW","Contains human portrait; requires model consent."
ASSET-HOMEPAGE-136,"public/assets/homepage/hero/Banner-3-For-Surat.webp","Banner-3-For-Surat.webp",webp,image,158406,1920,800,2.40,PANORAMIC,false,"Students","Homepage section cover","GOOD",,"PENDING OWNER REVIEW",true,false,"MANUAL REVIEW","Contains human portrait; requires model consent."
ASSET-HOMEPAGE-137,"public/assets/homepage/hero/Banner-3-Mobile-View.jpg","Banner-3-Mobile-View.jpg",jpg,image,136257,1080,1820,0.59,PORTRAIT,false,"Students","Homepage section cover","GOOD",,"PENDING OWNER REVIEW",true,false,"MANUAL REVIEW","Contains human portrait; requires model consent."
ASSET-HOMEPAGE-138,"public/assets/homepage/hero/Banner-3-Mobile-View.webp","Banner-3-Mobile-View.webp",webp,image,178310,1080,1820,0.59,PORTRAIT,false,"Students","Homepage section cover","GOOD",,"PENDING OWNER REVIEW",true,false,"MANUAL REVIEW","Contains human portrait; requires model consent."
ASSET-HOMEPAGE-139,"public/assets/homepage/hero/Banner-3.jpg","Banner-3.jpg",jpg,image,115041,1920,800,2.40,PANORAMIC,false,"Students","Homepage section cover","GOOD",,"PENDING OWNER REVIEW",true,false,"MANUAL REVIEW","Contains human portrait; requires model consent."
ASSET-HOMEPAGE-140,"public/assets/homepage/hero/Banner-3.webp","Banner-3.webp",webp,image,153262,1920,800,2.40,PANORAMIC,false,"Students","Homepage section cover","GOOD",,"PENDING OWNER REVIEW",true,false,"MANUAL REVIEW","Contains human portrait; requires model consent."
ASSET-HOMEPAGE-141,"public/assets/homepage/hero/Banner-4 (1).jpg","Banner-4 (1).jpg",jpg,image,94534,1920,800,2.40,PANORAMIC,false,"Students","Homepage section cover","GOOD",,"PENDING OWNER REVIEW",true,false,"MANUAL REVIEW","Contains human portrait; requires model consent."
ASSET-HOMEPAGE-142,"public/assets/homepage/hero/Banner-4 (1).webp","Banner-4 (1).webp",webp,image,125366,1920,800,2.40,PANORAMIC,false,"Students","Homepage section cover","GOOD",,"PENDING OWNER REVIEW",true,false,"MANUAL REVIEW","Contains human portrait; requires model consent."
ASSET-HOMEPAGE-143,"public/assets/homepage/hero/Banner-4 (2).jpg","Banner-4 (2).jpg",jpg,image,93661,1920,800,2.40,PANORAMIC,false,"Students","Homepage section cover","GOOD",,"PENDING OWNER REVIEW",true,false,"MANUAL REVIEW","Contains human portrait; requires model consent."
ASSET-HOMEPAGE-144,"public/assets/homepage/hero/Banner-4 (2).webp","Banner-4 (2).webp",webp,image,121698,1920,800,2.40,PANORAMIC,false,"Students","Homepage section cover","GOOD",,"PENDING OWNER REVIEW",true,false,"MANUAL REVIEW","Contains human portrait; requires model consent."
ASSET-HOMEPAGE-145,"public/assets/homepage/hero/Banner-4 (3).jpg","Banner-4 (3).jpg",jpg,image,89747,1920,800,2.40,PANORAMIC,false,"Students","Homepage section cover","GOOD",DUP-GRP-012,"PENDING OWNER REVIEW",true,false,"KEEP ORIGINAL","Contains human portrait; requires model consent."
ASSET-HOMEPAGE-146,"public/assets/homepage/hero/Banner-4 (3).webp","Banner-4 (3).webp",webp,image,116494,1920,800,2.40,PANORAMIC,false,"Students","Homepage section cover","GOOD",DUP-GRP-013,"PENDING OWNER REVIEW",true,false,"KEEP ORIGINAL","Contains human portrait; requires model consent."
ASSET-HOMEPAGE-147,"public/assets/homepage/hero/Banner-4 (4).jpg","Banner-4 (4).jpg",jpg,image,89747,1920,800,2.40,PANORAMIC,false,"Students","Homepage section cover","GOOD",DUP-GRP-012,"DUPLICATE REVIEW",true,false,"DUPLICATE REVIEW","Contains human portrait; requires model consent."
ASSET-HOMEPAGE-148,"public/assets/homepage/hero/Banner-4 (4).webp","Banner-4 (4).webp",webp,image,116494,1920,800,2.40,PANORAMIC,false,"Students","Homepage section cover","GOOD",DUP-GRP-013,"DUPLICATE REVIEW",true,false,"DUPLICATE REVIEW","Contains human portrait; requires model consent."
ASSET-HOMEPAGE-149,"public/assets/homepage/hero/Banner-4 (5).jpg","Banner-4 (5).jpg",jpg,image,99399,1920,800,2.40,PANORAMIC,false,"Students","Homepage section cover","GOOD",,"PENDING OWNER REVIEW",true,false,"MANUAL REVIEW","Contains human portrait; requires model consent."
ASSET-HOMEPAGE-150,"public/assets/homepage/hero/Banner-4 (5).webp","Banner-4 (5).webp",webp,image,131242,1920,800,2.40,PANORAMIC,false,"Students","Homepage section cover","GOOD",,"PENDING OWNER REVIEW",true,false,"MANUAL REVIEW","Contains human portrait; requires model consent."
ASSET-HOMEPAGE-151,"public/assets/homepage/hero/Banner-4-2-Mobile-View (1).jpg","Banner-4-2-Mobile-View (1).jpg",jpg,image,108864,1080,1820,0.59,PORTRAIT,false,"Students","Homepage section cover","GOOD",,"PENDING OWNER REVIEW",true,false,"MANUAL REVIEW","Contains human portrait; requires model consent."
ASSET-HOMEPAGE-152,"public/assets/homepage/hero/Banner-4-2-Mobile-View (1).webp","Banner-4-2-Mobile-View (1).webp",webp,image,134858,1080,1820,0.59,PORTRAIT,false,"Students","Homepage section cover","GOOD",,"PENDING OWNER REVIEW",true,false,"MANUAL REVIEW","Contains human portrait; requires model consent."
ASSET-HOMEPAGE-153,"public/assets/homepage/hero/Banner-4-2-Mobile-View (2).jpg","Banner-4-2-Mobile-View (2).jpg",jpg,image,110192,1080,1820,0.59,PORTRAIT,false,"Students","Homepage section cover","GOOD",,"PENDING OWNER REVIEW",true,false,"MANUAL REVIEW","Contains human portrait; requires model consent."
ASSET-HOMEPAGE-154,"public/assets/homepage/hero/Banner-4-2-Mobile-View (2).webp","Banner-4-2-Mobile-View (2).webp",webp,image,139242,1080,1820,0.59,PORTRAIT,false,"Students","Homepage section cover","GOOD",,"PENDING OWNER REVIEW",true,false,"MANUAL REVIEW","Contains human portrait; requires model consent."
ASSET-HOMEPAGE-155,"public/assets/homepage/hero/Banner-4-2-Mobile-View.jpg","Banner-4-2-Mobile-View.jpg",jpg,image,109086,1080,1820,0.59,PORTRAIT,false,"Students","Homepage section cover","GOOD",,"PENDING OWNER REVIEW",true,false,"MANUAL REVIEW","Contains human portrait; requires model consent."
ASSET-HOMEPAGE-156,"public/assets/homepage/hero/Banner-4-2-Mobile-View.webp","Banner-4-2-Mobile-View.webp",webp,image,131120,1080,1820,0.59,PORTRAIT,false,"Students","Homepage section cover","GOOD",,"PENDING OWNER REVIEW",true,false,"MANUAL REVIEW","Contains human portrait; requires model consent."
ASSET-HOMEPAGE-157,"public/assets/homepage/hero/Banner-4-2.jpg","Banner-4-2.jpg",jpg,image,103540,1920,800,2.40,PANORAMIC,false,"Students","Homepage section cover","GOOD",,"PENDING OWNER REVIEW",true,false,"MANUAL REVIEW","Contains human portrait; requires model consent."
ASSET-HOMEPAGE-158,"public/assets/homepage/hero/Banner-4-2.webp","Banner-4-2.webp",webp,image,139412,1920,800,2.40,PANORAMIC,false,"Students","Homepage section cover","GOOD",,"PENDING OWNER REVIEW",true,false,"MANUAL REVIEW","Contains human portrait; requires model consent."
ASSET-HOMEPAGE-159,"public/assets/homepage/hero/Banner-4-Mobile-View.jpg","Banner-4-Mobile-View.jpg",jpg,image,109916,1080,1820,0.59,PORTRAIT,false,"Students","Homepage section cover","GOOD",,"PENDING OWNER REVIEW",true,false,"MANUAL REVIEW","Contains human portrait; requires model consent."
ASSET-HOMEPAGE-160,"public/assets/homepage/hero/Banner-4-Mobile-View.webp","Banner-4-Mobile-View.webp",webp,image,136572,1080,1820,0.59,PORTRAIT,false,"Students","Homepage section cover","GOOD",,"PENDING OWNER REVIEW",true,false,"MANUAL REVIEW","Contains human portrait; requires model consent."
ASSET-HOMEPAGE-161,"public/assets/homepage/hero/banner-4.jpg","banner-4.jpg",jpg,image,131526,1920,800,2.40,PANORAMIC,false,"Students","Homepage section cover","GOOD",,"PENDING OWNER REVIEW",true,false,"MANUAL REVIEW","Contains human portrait; requires model consent."
ASSET-HOMEPAGE-162,"public/assets/homepage/hero/banner-4.webp","banner-4.webp",webp,image,140346,1920,800,2.40,PANORAMIC,false,"Students","Homepage section cover","GOOD",,"PENDING OWNER REVIEW",true,false,"MANUAL REVIEW","Contains human portrait; requires model consent."
ASSET-HOMEPAGE-163,"public/assets/homepage/hero/Banner-5 (1).jpg","Banner-5 (1).jpg",jpg,image,133765,1920,800,2.40,PANORAMIC,false,"Students","Homepage section cover","GOOD",,"PENDING OWNER REVIEW",true,false,"MANUAL REVIEW","Contains human portrait; requires model consent."
ASSET-HOMEPAGE-164,"public/assets/homepage/hero/Banner-5 (1).webp","Banner-5 (1).webp",webp,image,187188,1920,800,2.40,PANORAMIC,false,"Students","Homepage section cover","GOOD",,"PENDING OWNER REVIEW",true,false,"MANUAL REVIEW","Contains human portrait; requires model consent."
ASSET-HOMEPAGE-165,"public/assets/homepage/hero/Banner-5 (3).jpg","Banner-5 (3).jpg",jpg,image,139173,1920,800,2.40,PANORAMIC,false,"Students","Homepage section cover","GOOD",,"PENDING OWNER REVIEW",true,false,"MANUAL REVIEW","Contains human portrait; requires model consent."
ASSET-HOMEPAGE-166,"public/assets/homepage/hero/Banner-5 (3).webp","Banner-5 (3).webp",webp,image,193134,1920,800,2.40,PANORAMIC,false,"Students","Homepage section cover","GOOD",,"PENDING OWNER REVIEW",true,false,"MANUAL REVIEW","Contains human portrait; requires model consent."
ASSET-HOMEPAGE-167,"public/assets/homepage/hero/Banner-5.jpg","Banner-5.jpg",jpg,image,125238,1920,800,2.40,PANORAMIC,false,"Students","Homepage section cover","GOOD",,"PENDING OWNER REVIEW",true,false,"MANUAL REVIEW","Contains human portrait; requires model consent."
ASSET-HOMEPAGE-168,"public/assets/homepage/hero/Banner-5.webp","Banner-5.webp",webp,image,174112,1920,800,2.40,PANORAMIC,false,"Students","Homepage section cover","GOOD",,"PENDING OWNER REVIEW",true,false,"MANUAL REVIEW","Contains human portrait; requires model consent."
ASSET-HOMEPAGE-169,"public/assets/homepage/hero/Banner-555.jpg","Banner-555.jpg",jpg,image,883320,1920,800,2.40,PANORAMIC,false,"Students","Homepage section cover","GOOD",,"PENDING OWNER REVIEW",true,false,"MANUAL REVIEW","Contains human portrait; requires model consent."
ASSET-HOMEPAGE-170,"public/assets/homepage/hero/Banner-555.webp","Banner-555.webp",webp,image,177028,1920,800,2.40,PANORAMIC,false,"Students","Homepage section cover","GOOD",,"PENDING OWNER REVIEW",true,false,"MANUAL REVIEW","Contains human portrait; requires model consent."
ASSET-HOMEPAGE-171,"public/assets/homepage/hero/Banner-6.jpg","Banner-6.jpg",jpg,image,558634,1920,800,2.40,PANORAMIC,false,"Students","Homepage section cover","GOOD",,"PENDING OWNER REVIEW",true,false,"MANUAL REVIEW","Contains human portrait; requires model consent."
ASSET-HOMEPAGE-172,"public/assets/homepage/hero/Banner-6.webp","Banner-6.webp",webp,image,121754,1920,800,2.40,PANORAMIC,false,"Students","Homepage section cover","GOOD",,"PENDING OWNER REVIEW",true,false,"MANUAL REVIEW","Contains human portrait; requires model consent."
ASSET-HOMEPAGE-173,"public/assets/homepage/hero/Banner-ASDM-333333.jpg","Banner-ASDM-333333.jpg",jpg,image,358035,1600,667,2.40,PANORAMIC,false,"Students","Homepage section cover","GOOD",,"PENDING OWNER REVIEW",true,false,"MANUAL REVIEW","Contains human portrait; requires model consent."
ASSET-HOMEPAGE-174,"public/assets/homepage/hero/Banner-ASDM-333333.webp","Banner-ASDM-333333.webp",webp,image,89408,1600,667,2.40,PANORAMIC,false,"Students","Homepage section cover","GOOD",,"PENDING OWNER REVIEW",true,false,"MANUAL REVIEW","Contains human portrait; requires model consent."
ASSET-HOMEPAGE-175,"public/assets/homepage/hero/BANNER_11 (1).jpg","BANNER_11 (1).jpg",jpg,image,82375,1600,700,2.29,PANORAMIC,false,"Students","Homepage section cover","GOOD",,"PENDING OWNER REVIEW",true,false,"MANUAL REVIEW","Contains human portrait; requires model consent."
ASSET-HOMEPAGE-176,"public/assets/homepage/hero/BANNER_11 (1).webp","BANNER_11 (1).webp",webp,image,114832,1600,700,2.29,PANORAMIC,false,"Students","Homepage section cover","GOOD",,"PENDING OWNER REVIEW",true,false,"MANUAL REVIEW","Contains human portrait; requires model consent."
ASSET-LOGOS-177,"public/assets/logos/250x87 asdm logo.png","250x87 asdm logo.png",png,image,3986,250,88,2.84,PANORAMIC,false,"Company logo","Hiring partner logo wall","LOW RESOLUTION",,"PENDING OWNER REVIEW",false,false,"MANUAL REVIEW","Imported asset candidate."
ASSET-LOGOS-178,"public/assets/logos/250x87 asdm logo.webp","250x87 asdm logo.webp",webp,image,7494,250,88,2.84,PANORAMIC,true,"Company logo","Hiring partner logo wall","LOW RESOLUTION",,"PENDING OWNER REVIEW",false,false,"MANUAL REVIEW","Imported asset candidate."
ASSET-PARTY-179,"public/assets/party/Party-Photos-1.jpg","Party-Photos-1.jpg",jpg,image,36535,884,400,2.21,PANORAMIC,false,"Event","Alumni event gallery","GOOD",,"PENDING OWNER REVIEW",false,false,"MANUAL REVIEW","Imported asset candidate."
ASSET-PARTY-180,"public/assets/party/Party-Photos-1.webp","Party-Photos-1.webp",webp,image,57900,884,400,2.21,PANORAMIC,false,"Event","Alumni event gallery","GOOD",,"PENDING OWNER REVIEW",false,false,"MANUAL REVIEW","Imported asset candidate."
ASSET-PARTY-181,"public/assets/party/Party-Photos-2.jpg","Party-Photos-2.jpg",jpg,image,29650,884,400,2.21,PANORAMIC,false,"Event","Alumni event gallery","GOOD",,"PENDING OWNER REVIEW",false,false,"MANUAL REVIEW","Imported asset candidate."
ASSET-PARTY-182,"public/assets/party/Party-Photos-2.webp","Party-Photos-2.webp",webp,image,45114,884,400,2.21,PANORAMIC,false,"Event","Alumni event gallery","GOOD",,"PENDING OWNER REVIEW",false,false,"MANUAL REVIEW","Imported asset candidate."
ASSET-PARTY-183,"public/assets/party/Party-Photos-3.jpg","Party-Photos-3.jpg",jpg,image,16761,522,297,1.76,LANDSCAPE,false,"Event","Alumni event gallery","USABLE WITH OPTIMISATION",,"PENDING OWNER REVIEW",false,false,"MANUAL REVIEW","Imported asset candidate."
ASSET-PARTY-184,"public/assets/party/Party-Photos-3.webp","Party-Photos-3.webp",webp,image,24978,522,297,1.76,LANDSCAPE,false,"Event","Alumni event gallery","USABLE WITH OPTIMISATION",,"PENDING OWNER REVIEW",false,false,"MANUAL REVIEW","Imported asset candidate."
ASSET-PARTY-185,"public/assets/party/Party-Photos-4.jpg","Party-Photos-4.jpg",jpg,image,16078,522,297,1.76,LANDSCAPE,false,"Event","Alumni event gallery","USABLE WITH OPTIMISATION",,"PENDING OWNER REVIEW",false,false,"MANUAL REVIEW","Imported asset candidate."
ASSET-PARTY-186,"public/assets/party/Party-Photos-4.webp","Party-Photos-4.webp",webp,image,24028,522,297,1.76,LANDSCAPE,false,"Event","Alumni event gallery","USABLE WITH OPTIMISATION",,"PENDING OWNER REVIEW",false,false,"MANUAL REVIEW","Imported asset candidate."
ASSET-PARTY-187,"public/assets/party/Party-Photos-5.jpg","Party-Photos-5.jpg",jpg,image,10586,338,297,1.14,LANDSCAPE,false,"Event","Alumni event gallery","USABLE WITH OPTIMISATION",,"PENDING OWNER REVIEW",false,false,"MANUAL REVIEW","Imported asset candidate."
ASSET-PARTY-188,"public/assets/party/Party-Photos-5.webp","Party-Photos-5.webp",webp,image,15136,338,297,1.14,LANDSCAPE,false,"Event","Alumni event gallery","USABLE WITH OPTIMISATION",,"PENDING OWNER REVIEW",false,false,"MANUAL REVIEW","Imported asset candidate."
ASSET-PARTY-189,"public/assets/party/Party-Photos-6.jpg","Party-Photos-6.jpg",jpg,image,10210,338,297,1.14,LANDSCAPE,false,"Event","Alumni event gallery","USABLE WITH OPTIMISATION",,"PENDING OWNER REVIEW",false,false,"MANUAL REVIEW","Imported asset candidate."
ASSET-PARTY-190,"public/assets/party/Party-Photos-6.webp","Party-Photos-6.webp",webp,image,14722,338,297,1.14,LANDSCAPE,false,"Event","Alumni event gallery","USABLE WITH OPTIMISATION",,"PENDING OWNER REVIEW",false,false,"MANUAL REVIEW","Imported asset candidate."
ASSET-PLACEMENTLOGO-191,"public/assets/placement-logo/250-X-100-Logo-1.png","250-X-100-Logo-1.png",png,image,2107,250,100,2.50,PANORAMIC,false,"Company logo","Recruiter banner logo","LOW RESOLUTION",,"PENDING OWNER REVIEW",false,false,"MANUAL REVIEW","Imported asset candidate."
ASSET-PLACEMENTLOGO-192,"public/assets/placement-logo/250-X-100-Logo-1.webp","250-X-100-Logo-1.webp",webp,image,4368,250,100,2.50,PANORAMIC,true,"Company logo","Recruiter banner logo","LOW RESOLUTION",,"PENDING OWNER REVIEW",false,false,"MANUAL REVIEW","Imported asset candidate."
ASSET-PLACEMENTLOGO-193,"public/assets/placement-logo/250-X-100-Logo-2.png","250-X-100-Logo-2.png",png,image,3087,250,100,2.50,PANORAMIC,false,"Company logo","Recruiter banner logo","LOW RESOLUTION",,"PENDING OWNER REVIEW",false,false,"MANUAL REVIEW","Imported asset candidate."
ASSET-PLACEMENTLOGO-194,"public/assets/placement-logo/250-X-100-Logo-2.webp","250-X-100-Logo-2.webp",webp,image,4608,250,100,2.50,PANORAMIC,true,"Company logo","Recruiter banner logo","LOW RESOLUTION",,"PENDING OWNER REVIEW",false,false,"MANUAL REVIEW","Imported asset candidate."
ASSET-PLACEMENTLOGO-195,"public/assets/placement-logo/250-X-100-Logo-3.png","250-X-100-Logo-3.png",png,image,4602,250,100,2.50,PANORAMIC,false,"Company logo","Recruiter banner logo","LOW RESOLUTION",,"PENDING OWNER REVIEW",false,false,"MANUAL REVIEW","Imported asset candidate."
ASSET-PLACEMENTLOGO-196,"public/assets/placement-logo/250-X-100-Logo-3.webp","250-X-100-Logo-3.webp",webp,image,4910,250,100,2.50,PANORAMIC,true,"Company logo","Recruiter banner logo","LOW RESOLUTION",,"PENDING OWNER REVIEW",false,false,"MANUAL REVIEW","Imported asset candidate."
ASSET-PLACEMENTLOGO-197,"public/assets/placement-logo/250-X-100-Logo-4.png","250-X-100-Logo-4.png",png,image,1147,250,100,2.50,PANORAMIC,false,"Company logo","Recruiter banner logo","LOW RESOLUTION",,"PENDING OWNER REVIEW",false,false,"MANUAL REVIEW","Imported asset candidate."
ASSET-PLACEMENTLOGO-198,"public/assets/placement-logo/250-X-100-Logo-4.webp","250-X-100-Logo-4.webp",webp,image,3120,250,100,2.50,PANORAMIC,true,"Company logo","Recruiter banner logo","LOW RESOLUTION",,"PENDING OWNER REVIEW",false,false,"MANUAL REVIEW","Imported asset candidate."
ASSET-PLACEMENTLOGO-199,"public/assets/placement-logo/250-X-100-Logo-5.png","250-X-100-Logo-5.png",png,image,1970,250,100,2.50,PANORAMIC,false,"Company logo","Recruiter banner logo","LOW RESOLUTION",,"PENDING OWNER REVIEW",false,false,"MANUAL REVIEW","Imported asset candidate."
ASSET-PLACEMENTLOGO-200,"public/assets/placement-logo/250-X-100-Logo-5.webp","250-X-100-Logo-5.webp",webp,image,5150,250,100,2.50,PANORAMIC,true,"Company logo","Recruiter banner logo","LOW RESOLUTION",,"PENDING OWNER REVIEW",false,false,"MANUAL REVIEW","Imported asset candidate."
ASSET-PLACEMENTLOGO-201,"public/assets/placement-logo/250-X-100-Logo-6.png","250-X-100-Logo-6.png",png,image,3431,250,100,2.50,PANORAMIC,false,"Company logo","Recruiter banner logo","LOW RESOLUTION",,"PENDING OWNER REVIEW",false,false,"MANUAL REVIEW","Imported asset candidate."
ASSET-PLACEMENTLOGO-202,"public/assets/placement-logo/250-X-100-Logo-6.webp","250-X-100-Logo-6.webp",webp,image,6932,250,100,2.50,PANORAMIC,true,"Company logo","Recruiter banner logo","LOW RESOLUTION",,"PENDING OWNER REVIEW",false,false,"MANUAL REVIEW","Imported asset candidate."
ASSET-PLACEMENTS-203,"public/assets/placements/255x320(1).jpg","255x320(1).jpg",jpg,image,15188,253,320,0.79,PORTRAIT,false,"Placement","Outcome grid card banner","LOW RESOLUTION",,"PENDING OWNER REVIEW",false,false,"MANUAL REVIEW","Imported asset candidate."
ASSET-PLACEMENTS-204,"public/assets/placements/255x320(1).webp","255x320(1).webp",webp,image,10880,253,320,0.79,PORTRAIT,false,"Placement","Outcome grid card banner","LOW RESOLUTION",,"PENDING OWNER REVIEW",false,false,"MANUAL REVIEW","Imported asset candidate."
ASSET-PLACEMENTS-205,"public/assets/placements/255x320(2).jpg","255x320(2).jpg",jpg,image,14777,253,320,0.79,PORTRAIT,false,"Placement","Outcome grid card banner","LOW RESOLUTION",,"PENDING OWNER REVIEW",false,false,"MANUAL REVIEW","Imported asset candidate."
ASSET-PLACEMENTS-206,"public/assets/placements/255x320(2).webp","255x320(2).webp",webp,image,9534,253,320,0.79,PORTRAIT,false,"Placement","Outcome grid card banner","LOW RESOLUTION",,"PENDING OWNER REVIEW",false,false,"MANUAL REVIEW","Imported asset candidate."
ASSET-PLACEMENTS-207,"public/assets/placements/255x320(3).jpg","255x320(3).jpg",jpg,image,15840,253,320,0.79,PORTRAIT,false,"Placement","Outcome grid card banner","LOW RESOLUTION",,"PENDING OWNER REVIEW",false,false,"MANUAL REVIEW","Imported asset candidate."
ASSET-PLACEMENTS-208,"public/assets/placements/255x320(3).webp","255x320(3).webp",webp,image,10494,253,320,0.79,PORTRAIT,false,"Placement","Outcome grid card banner","LOW RESOLUTION",,"PENDING OWNER REVIEW",false,false,"MANUAL REVIEW","Imported asset candidate."
ASSET-PLACEMENTS-209,"public/assets/placements/255x320(4).jpg","255x320(4).jpg",jpg,image,14964,253,320,0.79,PORTRAIT,false,"Placement","Outcome grid card banner","LOW RESOLUTION",,"PENDING OWNER REVIEW",false,false,"MANUAL REVIEW","Imported asset candidate."
ASSET-PLACEMENTS-210,"public/assets/placements/255x320(4).webp","255x320(4).webp",webp,image,10232,253,320,0.79,PORTRAIT,false,"Placement","Outcome grid card banner","LOW RESOLUTION",,"PENDING OWNER REVIEW",false,false,"MANUAL REVIEW","Imported asset candidate."
ASSET-PLACEMENTS-211,"public/assets/placements/255x320(5).jpg","255x320(5).jpg",jpg,image,14426,253,320,0.79,PORTRAIT,false,"Placement","Outcome grid card banner","LOW RESOLUTION",,"PENDING OWNER REVIEW",false,false,"MANUAL REVIEW","Imported asset candidate."
ASSET-PLACEMENTS-212,"public/assets/placements/255x320(5).webp","255x320(5).webp",webp,image,10416,253,320,0.79,PORTRAIT,false,"Placement","Outcome grid card banner","LOW RESOLUTION",,"PENDING OWNER REVIEW",false,false,"MANUAL REVIEW","Imported asset candidate."
ASSET-PLACEMENTS-213,"public/assets/placements/255x320(6).jpg","255x320(6).jpg",jpg,image,14843,253,320,0.79,PORTRAIT,false,"Placement","Outcome grid card banner","LOW RESOLUTION",,"PENDING OWNER REVIEW",false,false,"MANUAL REVIEW","Imported asset candidate."
ASSET-PLACEMENTS-214,"public/assets/placements/255x320(6).webp","255x320(6).webp",webp,image,9828,253,320,0.79,PORTRAIT,false,"Placement","Outcome grid card banner","LOW RESOLUTION",,"PENDING OWNER REVIEW",false,false,"MANUAL REVIEW","Imported asset candidate."
ASSET-PLACEMENTS-215,"public/assets/placements/255x320(7).jpg","255x320(7).jpg",jpg,image,8916,253,320,0.79,PORTRAIT,false,"Placement","Outcome grid card banner","LOW RESOLUTION",,"PENDING OWNER REVIEW",false,false,"MANUAL REVIEW","Imported asset candidate."
ASSET-PLACEMENTS-216,"public/assets/placements/255x320(7).webp","255x320(7).webp",webp,image,7812,253,320,0.79,PORTRAIT,false,"Placement","Outcome grid card banner","LOW RESOLUTION",,"PENDING OWNER REVIEW",false,false,"MANUAL REVIEW","Imported asset candidate."
ASSET-PLACEMENTS-217,"public/assets/placements/255x320(8).jpg","255x320(8).jpg",jpg,image,14319,253,320,0.79,PORTRAIT,false,"Placement","Outcome grid card banner","LOW RESOLUTION",,"PENDING OWNER REVIEW",false,false,"MANUAL REVIEW","Imported asset candidate."
ASSET-PLACEMENTS-218,"public/assets/placements/255x320(8).webp","255x320(8).webp",webp,image,9794,253,320,0.79,PORTRAIT,false,"Placement","Outcome grid card banner","LOW RESOLUTION",,"PENDING OWNER REVIEW",false,false,"MANUAL REVIEW","Imported asset candidate."
ASSET-PLACEMENTS-219,"public/assets/placements/600X 700 16.jpg","600X 700 16.jpg",jpg,image,49356,600,700,0.86,PORTRAIT,false,"Placement","Outcome grid card banner","USABLE WITH OPTIMISATION",,"PENDING OWNER REVIEW",false,false,"MANUAL REVIEW","Imported asset candidate."
ASSET-PLACEMENTS-220,"public/assets/placements/600X 700 19.jpg","600X 700 19.jpg",jpg,image,54200,600,700,0.86,PORTRAIT,false,"Placement","Outcome grid card banner","USABLE WITH OPTIMISATION",,"PENDING OWNER REVIEW",false,false,"MANUAL REVIEW","Imported asset candidate."
ASSET-PLACEMENTS-221,"public/assets/placements/600X 700 20.jpg","600X 700 20.jpg",jpg,image,31308,600,700,0.86,PORTRAIT,false,"Placement","Outcome grid card banner","USABLE WITH OPTIMISATION",,"PENDING OWNER REVIEW",false,false,"MANUAL REVIEW","Imported asset candidate."
ASSET-PLACEMENTS-222,"public/assets/placements/600X 700 21.jpg","600X 700 21.jpg",jpg,image,46010,600,700,0.86,PORTRAIT,false,"Placement","Outcome grid card banner","USABLE WITH OPTIMISATION",,"PENDING OWNER REVIEW",false,false,"MANUAL REVIEW","Imported asset candidate."
ASSET-PLACEMENTS-223,"public/assets/placements/600X 700 22.jpg","600X 700 22.jpg",jpg,image,58228,600,700,0.86,PORTRAIT,false,"Placement","Outcome grid card banner","USABLE WITH OPTIMISATION",,"PENDING OWNER REVIEW",false,false,"MANUAL REVIEW","Imported asset candidate."
ASSET-PLACEMENTS-224,"public/assets/placements/600X 700 23.jpg","600X 700 23.jpg",jpg,image,43438,600,700,0.86,PORTRAIT,false,"Placement","Outcome grid card banner","USABLE WITH OPTIMISATION",,"PENDING OWNER REVIEW",false,false,"MANUAL REVIEW","Imported asset candidate."
ASSET-PLACEMENTS-225,"public/assets/placements/600X 700 24.jpg","600X 700 24.jpg",jpg,image,42867,600,700,0.86,PORTRAIT,false,"Placement","Outcome grid card banner","USABLE WITH OPTIMISATION",,"PENDING OWNER REVIEW",false,false,"MANUAL REVIEW","Imported asset candidate."
ASSET-PLACEMENTS-226,"public/assets/placements/600X 700 25.jpg","600X 700 25.jpg",jpg,image,30452,600,700,0.86,PORTRAIT,false,"Placement","Outcome grid card banner","USABLE WITH OPTIMISATION",,"PENDING OWNER REVIEW",false,false,"MANUAL REVIEW","Imported asset candidate."
ASSET-PLACEMENTS-227,"public/assets/placements/600X700 6.jpg","600X700 6.jpg",jpg,image,31576,600,700,0.86,PORTRAIT,false,"Placement","Outcome grid card banner","USABLE WITH OPTIMISATION",,"PENDING OWNER REVIEW",false,false,"MANUAL REVIEW","Imported asset candidate."
ASSET-PLACEMENTS-228,"public/assets/placements/Real-Results-1.jpg","Real-Results-1.jpg",jpg,image,77359,1080,1080,1.00,SQUARE,false,"Placement","Outcome grid card banner","GOOD",,"PENDING OWNER REVIEW",false,false,"MANUAL REVIEW","Imported asset candidate."
ASSET-PLACEMENTS-229,"public/assets/placements/Real-Results-1.webp","Real-Results-1.webp",webp,image,74958,1080,1080,1.00,SQUARE,false,"Placement","Outcome grid card banner","GOOD",,"PENDING OWNER REVIEW",false,false,"MANUAL REVIEW","Imported asset candidate."
ASSET-PLACEMENTS-230,"public/assets/placements/Real-Results-2.jpg","Real-Results-2.jpg",jpg,image,77601,1080,1080,1.00,SQUARE,false,"Placement","Outcome grid card banner","GOOD",,"PENDING OWNER REVIEW",false,false,"MANUAL REVIEW","Imported asset candidate."
ASSET-PLACEMENTS-231,"public/assets/placements/Real-Results-2.webp","Real-Results-2.webp",webp,image,74148,1080,1080,1.00,SQUARE,false,"Placement","Outcome grid card banner","GOOD",,"PENDING OWNER REVIEW",false,false,"MANUAL REVIEW","Imported asset candidate."
ASSET-PLACEMENTS-232,"public/assets/placements/Real-Results-3.jpg","Real-Results-3.jpg",jpg,image,72207,1080,1080,1.00,SQUARE,false,"Placement","Outcome grid card banner","GOOD",,"PENDING OWNER REVIEW",false,false,"MANUAL REVIEW","Imported asset candidate."
ASSET-PLACEMENTS-233,"public/assets/placements/Real-Results-3.webp","Real-Results-3.webp",webp,image,63700,1080,1080,1.00,SQUARE,false,"Placement","Outcome grid card banner","GOOD",,"PENDING OWNER REVIEW",false,false,"MANUAL REVIEW","Imported asset candidate."
ASSET-PLACEMENTS-234,"public/assets/placements/Real-Results-4.jpg","Real-Results-4.jpg",jpg,image,75994,1080,1080,1.00,SQUARE,false,"Placement","Outcome grid card banner","GOOD",,"PENDING OWNER REVIEW",false,false,"MANUAL REVIEW","Imported asset candidate."
ASSET-PLACEMENTS-235,"public/assets/placements/Real-Results-4.webp","Real-Results-4.webp",webp,image,72576,1080,1080,1.00,SQUARE,false,"Placement","Outcome grid card banner","GOOD",,"PENDING OWNER REVIEW",false,false,"MANUAL REVIEW","Imported asset candidate."
ASSET-PLACEMENTS-236,"public/assets/placements/Real-Results-5.jpg","Real-Results-5.jpg",jpg,image,79689,1080,1080,1.00,SQUARE,false,"Placement","Outcome grid card banner","GOOD",,"PENDING OWNER REVIEW",false,false,"MANUAL REVIEW","Imported asset candidate."
ASSET-PLACEMENTS-237,"public/assets/placements/Real-Results-5.webp","Real-Results-5.webp",webp,image,75170,1080,1080,1.00,SQUARE,false,"Placement","Outcome grid card banner","GOOD",,"PENDING OWNER REVIEW",false,false,"MANUAL REVIEW","Imported asset candidate."
ASSET-PLACEMENTS-238,"public/assets/placements/Real-Results-6.jpg","Real-Results-6.jpg",jpg,image,82914,1080,1080,1.00,SQUARE,false,"Placement","Outcome grid card banner","GOOD",,"PENDING OWNER REVIEW",false,false,"MANUAL REVIEW","Imported asset candidate."
ASSET-PLACEMENTS-239,"public/assets/placements/Real-Results-6.webp","Real-Results-6.webp",webp,image,80058,1080,1080,1.00,SQUARE,false,"Placement","Outcome grid card banner","GOOD",,"PENDING OWNER REVIEW",false,false,"MANUAL REVIEW","Imported asset candidate."
ASSET-PLACEMENTS-240,"public/assets/placements/Real-Results-7.jpg","Real-Results-7.jpg",jpg,image,85282,1080,1080,1.00,SQUARE,false,"Placement","Outcome grid card banner","GOOD",,"PENDING OWNER REVIEW",false,false,"MANUAL REVIEW","Imported asset candidate."
ASSET-PLACEMENTS-241,"public/assets/placements/Real-Results-7.webp","Real-Results-7.webp",webp,image,87300,1080,1080,1.00,SQUARE,false,"Placement","Outcome grid card banner","GOOD",,"PENDING OWNER REVIEW",false,false,"MANUAL REVIEW","Imported asset candidate."
ASSET-PLACEMENTS-242,"public/assets/placements/Real-Results-8.jpg","Real-Results-8.jpg",jpg,image,76501,1080,1080,1.00,SQUARE,false,"Placement","Outcome grid card banner","GOOD",,"PENDING OWNER REVIEW",false,false,"MANUAL REVIEW","Imported asset candidate."
ASSET-PLACEMENTS-243,"public/assets/placements/Real-Results-8.webp","Real-Results-8.webp",webp,image,73118,1080,1080,1.00,SQUARE,false,"Placement","Outcome grid card banner","GOOD",,"PENDING OWNER REVIEW",false,false,"MANUAL REVIEW","Imported asset candidate."
ASSET-PLACEMENTS-244,"public/assets/placements/Real-Results-9.jpg","Real-Results-9.jpg",jpg,image,101601,1080,1080,1.00,SQUARE,false,"Placement","Outcome grid card banner","GOOD",,"PENDING OWNER REVIEW",false,false,"MANUAL REVIEW","Imported asset candidate."
ASSET-PLACEMENTS-245,"public/assets/placements/Real-Results-9.webp","Real-Results-9.webp",webp,image,119126,1080,1080,1.00,SQUARE,false,"Placement","Outcome grid card banner","GOOD",,"PENDING OWNER REVIEW",false,false,"MANUAL REVIEW","Imported asset candidate."
ASSET-PLACEMENTS-246,"public/assets/placements/Recent Placement-1.jpg","Recent Placement-1.jpg",jpg,image,78047,1080,1080,1.00,SQUARE,false,"Placement","Outcome grid card banner","GOOD",,"PENDING OWNER REVIEW",false,false,"MANUAL REVIEW","Imported asset candidate."
ASSET-PLACEMENTS-247,"public/assets/placements/Recent Placement-1.webp","Recent Placement-1.webp",webp,image,101506,1080,1080,1.00,SQUARE,false,"Placement","Outcome grid card banner","GOOD",,"PENDING OWNER REVIEW",false,false,"MANUAL REVIEW","Imported asset candidate."
ASSET-PLACEMENTS-248,"public/assets/placements/Recent Placement-2.jpg","Recent Placement-2.jpg",jpg,image,78308,1080,1080,1.00,SQUARE,false,"Placement","Outcome grid card banner","GOOD",,"PENDING OWNER REVIEW",false,false,"MANUAL REVIEW","Imported asset candidate."
ASSET-PLACEMENTS-249,"public/assets/placements/Recent Placement-2.webp","Recent Placement-2.webp",webp,image,99874,1080,1080,1.00,SQUARE,false,"Placement","Outcome grid card banner","GOOD",,"PENDING OWNER REVIEW",false,false,"MANUAL REVIEW","Imported asset candidate."
ASSET-PLACEMENTS-250,"public/assets/placements/Recent Placement-3.jpg","Recent Placement-3.jpg",jpg,image,73165,1080,1080,1.00,SQUARE,false,"Placement","Outcome grid card banner","GOOD",,"PENDING OWNER REVIEW",false,false,"MANUAL REVIEW","Imported asset candidate."
ASSET-PLACEMENTS-251,"public/assets/placements/Recent Placement-3.webp","Recent Placement-3.webp",webp,image,87826,1080,1080,1.00,SQUARE,false,"Placement","Outcome grid card banner","GOOD",,"PENDING OWNER REVIEW",false,false,"MANUAL REVIEW","Imported asset candidate."
ASSET-PLACEMENTS-252,"public/assets/placements/Recent Placement-4.jpg","Recent Placement-4.jpg",jpg,image,68947,1080,1080,1.00,SQUARE,false,"Placement","Outcome grid card banner","GOOD",,"PENDING OWNER REVIEW",false,false,"MANUAL REVIEW","Imported asset candidate."
ASSET-PLACEMENTS-253,"public/assets/placements/Recent Placement-4.webp","Recent Placement-4.webp",webp,image,83768,1080,1080,1.00,SQUARE,false,"Placement","Outcome grid card banner","GOOD",,"PENDING OWNER REVIEW",false,false,"MANUAL REVIEW","Imported asset candidate."
ASSET-PLACEMENTS-254,"public/assets/placements/Recent Placement-5.jpg","Recent Placement-5.jpg",jpg,image,76725,1080,1080,1.00,SQUARE,false,"Placement","Outcome grid card banner","GOOD",,"PENDING OWNER REVIEW",false,false,"MANUAL REVIEW","Imported asset candidate."
ASSET-PLACEMENTS-255,"public/assets/placements/Recent Placement-5.webp","Recent Placement-5.webp",webp,image,94870,1080,1080,1.00,SQUARE,false,"Placement","Outcome grid card banner","GOOD",,"PENDING OWNER REVIEW",false,false,"MANUAL REVIEW","Imported asset candidate."
ASSET-PLACEMENTS-256,"public/assets/placements/Recent Placement-6.jpg","Recent Placement-6.jpg",jpg,image,81450,1080,1080,1.00,SQUARE,false,"Placement","Outcome grid card banner","GOOD",,"PENDING OWNER REVIEW",false,false,"MANUAL REVIEW","Imported asset candidate."
ASSET-PLACEMENTS-257,"public/assets/placements/Recent Placement-6.webp","Recent Placement-6.webp",webp,image,106120,1080,1080,1.00,SQUARE,false,"Placement","Outcome grid card banner","GOOD",,"PENDING OWNER REVIEW",false,false,"MANUAL REVIEW","Imported asset candidate."
ASSET-PLACEMENTS-258,"public/assets/placements/Recent Placement-7.jpg","Recent Placement-7.jpg",jpg,image,72716,1080,1080,1.00,SQUARE,false,"Placement","Outcome grid card banner","GOOD",,"PENDING OWNER REVIEW",false,false,"MANUAL REVIEW","Imported asset candidate."
ASSET-PLACEMENTS-259,"public/assets/placements/Recent Placement-7.webp","Recent Placement-7.webp",webp,image,86744,1080,1080,1.00,SQUARE,false,"Placement","Outcome grid card banner","GOOD",,"PENDING OWNER REVIEW",false,false,"MANUAL REVIEW","Imported asset candidate."
ASSET-PLACEMENTS-260,"public/assets/placements/Recent Placement-8.jpg","Recent Placement-8.jpg",jpg,image,69516,1080,1080,1.00,SQUARE,false,"Placement","Outcome grid card banner","GOOD",,"PENDING OWNER REVIEW",false,false,"MANUAL REVIEW","Imported asset candidate."
ASSET-PLACEMENTS-261,"public/assets/placements/Recent Placement-8.webp","Recent Placement-8.webp",webp,image,84970,1080,1080,1.00,SQUARE,false,"Placement","Outcome grid card banner","GOOD",,"PENDING OWNER REVIEW",false,false,"MANUAL REVIEW","Imported asset candidate."
ASSET-PLACEMENTS-262,"public/assets/placements/Top-Placed-1.jpg","Top-Placed-1.jpg",jpg,image,69079,1080,1080,1.00,SQUARE,false,"Placement","Outcome grid card banner","GOOD",,"PENDING OWNER REVIEW",false,false,"MANUAL REVIEW","Imported asset candidate."
ASSET-PLACEMENTS-263,"public/assets/placements/Top-Placed-1.webp","Top-Placed-1.webp",webp,image,87424,1080,1080,1.00,SQUARE,false,"Placement","Outcome grid card banner","GOOD",,"PENDING OWNER REVIEW",false,false,"MANUAL REVIEW","Imported asset candidate."
ASSET-PLACEMENTS-264,"public/assets/placements/Top-Placed-2.jpg","Top-Placed-2.jpg",jpg,image,74753,1080,1080,1.00,SQUARE,false,"Placement","Outcome grid card banner","GOOD",,"PENDING OWNER REVIEW",false,false,"MANUAL REVIEW","Imported asset candidate."
ASSET-PLACEMENTS-265,"public/assets/placements/Top-Placed-2.webp","Top-Placed-2.webp",webp,image,96090,1080,1080,1.00,SQUARE,false,"Placement","Outcome grid card banner","GOOD",,"PENDING OWNER REVIEW",false,false,"MANUAL REVIEW","Imported asset candidate."
ASSET-PLACEMENTS-266,"public/assets/placements/Top-Placed-3.jpg","Top-Placed-3.jpg",jpg,image,66838,1080,1080,1.00,SQUARE,false,"Placement","Outcome grid card banner","GOOD",,"PENDING OWNER REVIEW",false,false,"MANUAL REVIEW","Imported asset candidate."
ASSET-PLACEMENTS-267,"public/assets/placements/Top-Placed-3.webp","Top-Placed-3.webp",webp,image,82964,1080,1080,1.00,SQUARE,false,"Placement","Outcome grid card banner","GOOD",,"PENDING OWNER REVIEW",false,false,"MANUAL REVIEW","Imported asset candidate."
ASSET-PLACEMENTS-268,"public/assets/placements/Top-Placed-4.jpg","Top-Placed-4.jpg",jpg,image,68787,1080,1080,1.00,SQUARE,false,"Placement","Outcome grid card banner","GOOD",,"PENDING OWNER REVIEW",false,false,"MANUAL REVIEW","Imported asset candidate."
ASSET-PLACEMENTS-269,"public/assets/placements/Top-Placed-4.webp","Top-Placed-4.webp",webp,image,87258,1080,1080,1.00,SQUARE,false,"Placement","Outcome grid card banner","GOOD",,"PENDING OWNER REVIEW",false,false,"MANUAL REVIEW","Imported asset candidate."
ASSET-PLACEMENTS-270,"public/assets/placements/Top-Placed-5.jpg","Top-Placed-5.jpg",jpg,image,67746,1080,1080,1.00,SQUARE,false,"Placement","Outcome grid card banner","GOOD",,"PENDING OWNER REVIEW",false,false,"MANUAL REVIEW","Imported asset candidate."
ASSET-PLACEMENTS-271,"public/assets/placements/Top-Placed-5.webp","Top-Placed-5.webp",webp,image,85266,1080,1080,1.00,SQUARE,false,"Placement","Outcome grid card banner","GOOD",,"PENDING OWNER REVIEW",false,false,"MANUAL REVIEW","Imported asset candidate."
ASSET-PLACEMENTS-272,"public/assets/placements/Top-Placed-6.jpg","Top-Placed-6.jpg",jpg,image,69670,1080,1080,1.00,SQUARE,false,"Placement","Outcome grid card banner","GOOD",,"PENDING OWNER REVIEW",false,false,"MANUAL REVIEW","Imported asset candidate."
ASSET-PLACEMENTS-273,"public/assets/placements/Top-Placed-6.webp","Top-Placed-6.webp",webp,image,89556,1080,1080,1.00,SQUARE,false,"Placement","Outcome grid card banner","GOOD",,"PENDING OWNER REVIEW",false,false,"MANUAL REVIEW","Imported asset candidate."
ASSET-PLACEMENTS-274,"public/assets/placements/Top-Placed-7.jpg","Top-Placed-7.jpg",jpg,image,68580,1080,1080,1.00,SQUARE,false,"Placement","Outcome grid card banner","GOOD",,"PENDING OWNER REVIEW",false,false,"MANUAL REVIEW","Imported asset candidate."
ASSET-PLACEMENTS-275,"public/assets/placements/Top-Placed-7.webp","Top-Placed-7.webp",webp,image,86852,1080,1080,1.00,SQUARE,false,"Placement","Outcome grid card banner","GOOD",,"PENDING OWNER REVIEW",false,false,"MANUAL REVIEW","Imported asset candidate."
ASSET-PLACEMENTS-276,"public/assets/placements/Top-Placed-8.jpg","Top-Placed-8.jpg",jpg,image,82059,1080,1080,1.00,SQUARE,false,"Placement","Outcome grid card banner","GOOD",,"PENDING OWNER REVIEW",false,false,"MANUAL REVIEW","Imported asset candidate."
ASSET-PLACEMENTS-277,"public/assets/placements/Top-Placed-8.webp","Top-Placed-8.webp",webp,image,112258,1080,1080,1.00,SQUARE,false,"Placement","Outcome grid card banner","GOOD",,"PENDING OWNER REVIEW",false,false,"MANUAL REVIEW","Imported asset candidate."
ASSET-SKILLINDIA-278,"public/assets/skill-india/200-x-200 - 1.png","200-x-200 - 1.png",png,image,9523,168,129,1.30,LANDSCAPE,true,"Certificate","Government partnership endorsement","LOW RESOLUTION",,"PENDING OWNER REVIEW",false,false,"MANUAL REVIEW","Imported asset candidate."
ASSET-SKILLINDIA-279,"public/assets/skill-india/200-x-200 - 1.webp","200-x-200 - 1.webp",webp,image,3744,168,129,1.30,LANDSCAPE,true,"Certificate","Government partnership endorsement","LOW RESOLUTION",,"PENDING OWNER REVIEW",false,false,"MANUAL REVIEW","Imported asset candidate."
ASSET-SKILLINDIA-280,"public/assets/skill-india/200-x-200 - 2.png","200-x-200 - 2.png",png,image,20630,160,135,1.19,LANDSCAPE,true,"Certificate","Government partnership endorsement","LOW RESOLUTION",,"PENDING OWNER REVIEW",false,false,"MANUAL REVIEW","Imported asset candidate."
ASSET-SKILLINDIA-281,"public/assets/skill-india/200-x-200 - 2.webp","200-x-200 - 2.webp",webp,image,8612,160,135,1.19,LANDSCAPE,true,"Certificate","Government partnership endorsement","LOW RESOLUTION",,"PENDING OWNER REVIEW",false,false,"MANUAL REVIEW","Imported asset candidate."
ASSET-SKILLINDIA-282,"public/assets/skill-india/200-x-200 - 3.png","200-x-200 - 3.png",png,image,8303,169,116,1.46,LANDSCAPE,true,"Certificate","Government partnership endorsement","LOW RESOLUTION",,"PENDING OWNER REVIEW",false,false,"MANUAL REVIEW","Imported asset candidate."
ASSET-SKILLINDIA-283,"public/assets/skill-india/200-x-200 - 3.webp","200-x-200 - 3.webp",webp,image,4732,169,116,1.46,LANDSCAPE,true,"Certificate","Government partnership endorsement","LOW RESOLUTION",,"PENDING OWNER REVIEW",false,false,"MANUAL REVIEW","Imported asset candidate."
ASSET-SKILLINDIA-284,"public/assets/skill-india/200-x-200--1.png","200-x-200--1.png",png,image,8595,200,200,1.00,SQUARE,true,"Certificate","Government partnership endorsement","LOW RESOLUTION",,"PENDING OWNER REVIEW",false,false,"MANUAL REVIEW","Imported asset candidate."
ASSET-SKILLINDIA-285,"public/assets/skill-india/200-x-200--1.webp","200-x-200--1.webp",webp,image,3796,200,200,1.00,SQUARE,true,"Certificate","Government partnership endorsement","LOW RESOLUTION",,"PENDING OWNER REVIEW",false,false,"MANUAL REVIEW","Imported asset candidate."
ASSET-SKILLINDIA-286,"public/assets/skill-india/200-x-200--2.png","200-x-200--2.png",png,image,21460,200,200,1.00,SQUARE,true,"Certificate","Government partnership endorsement","LOW RESOLUTION",,"PENDING OWNER REVIEW",false,false,"MANUAL REVIEW","Imported asset candidate."
ASSET-SKILLINDIA-287,"public/assets/skill-india/200-x-200--2.webp","200-x-200--2.webp",webp,image,8486,200,200,1.00,SQUARE,true,"Certificate","Government partnership endorsement","LOW RESOLUTION",,"PENDING OWNER REVIEW",false,false,"MANUAL REVIEW","Imported asset candidate."
ASSET-SKILLINDIA-288,"public/assets/skill-india/200-x-200--3.png","200-x-200--3.png",png,image,7766,200,200,1.00,SQUARE,true,"Certificate","Government partnership endorsement","LOW RESOLUTION",,"PENDING OWNER REVIEW",false,false,"MANUAL REVIEW","Imported asset candidate."
ASSET-SKILLINDIA-289,"public/assets/skill-india/200-x-200--3.webp","200-x-200--3.webp",webp,image,4864,200,200,1.00,SQUARE,true,"Certificate","Government partnership endorsement","LOW RESOLUTION",,"PENDING OWNER REVIEW",false,false,"MANUAL REVIEW","Imported asset candidate."
ASSET-SKILLINDIA-290,"public/assets/skill-india/200-X-200-1.jpg","200-X-200-1.jpg",jpg,image,8392,200,200,1.00,SQUARE,false,"Certificate","Government partnership endorsement","LOW RESOLUTION",,"PENDING OWNER REVIEW",false,false,"MANUAL REVIEW","Imported asset candidate."
ASSET-SKILLINDIA-291,"public/assets/skill-india/200-X-200-1.webp","200-X-200-1.webp",webp,image,3540,200,200,1.00,SQUARE,false,"Certificate","Government partnership endorsement","LOW RESOLUTION",,"PENDING OWNER REVIEW",false,false,"MANUAL REVIEW","Imported asset candidate."
ASSET-SKILLINDIA-292,"public/assets/skill-india/200-X-200-2.jpg","200-X-200-2.jpg",jpg,image,16904,200,200,1.00,SQUARE,false,"Certificate","Government partnership endorsement","LOW RESOLUTION",,"PENDING OWNER REVIEW",false,false,"MANUAL REVIEW","Imported asset candidate."
ASSET-SKILLINDIA-293,"public/assets/skill-india/200-X-200-2.webp","200-X-200-2.webp",webp,image,4210,200,200,1.00,SQUARE,false,"Certificate","Government partnership endorsement","LOW RESOLUTION",,"PENDING OWNER REVIEW",false,false,"MANUAL REVIEW","Imported asset candidate."
ASSET-SKILLINDIA-294,"public/assets/skill-india/200-X-200-3.jpg","200-X-200-3.jpg",jpg,image,17379,200,200,1.00,SQUARE,false,"Certificate","Government partnership endorsement","LOW RESOLUTION",,"PENDING OWNER REVIEW",false,false,"MANUAL REVIEW","Imported asset candidate."
ASSET-SKILLINDIA-295,"public/assets/skill-india/200-X-200-3.webp","200-X-200-3.webp",webp,image,4916,200,200,1.00,SQUARE,false,"Certificate","Government partnership endorsement","LOW RESOLUTION",,"PENDING OWNER REVIEW",false,false,"MANUAL REVIEW","Imported asset candidate."
ASSET-STUDENTWORK-296,"public/assets/student-work/BJP-&-ABVP-Internship-1.jpg","BJP-&-ABVP-Internship-1.jpg",jpg,image,20030,500,500,1.00,SQUARE,false,"Student work","Student project showcase carousel","USABLE WITH OPTIMISATION",,"PENDING OWNER REVIEW",false,false,"MANUAL REVIEW","Imported asset candidate."
ASSET-STUDENTWORK-297,"public/assets/student-work/BJP-&-ABVP-Internship-1.webp","BJP-&-ABVP-Internship-1.webp",webp,image,28520,500,500,1.00,SQUARE,false,"Student work","Student project showcase carousel","USABLE WITH OPTIMISATION",,"PENDING OWNER REVIEW",false,false,"MANUAL REVIEW","Imported asset candidate."
ASSET-STUDENTWORK-298,"public/assets/student-work/BJP-&-ABVP-Internship-10.jpg","BJP-&-ABVP-Internship-10.jpg",jpg,image,26427,500,500,1.00,SQUARE,false,"Student work","Student project showcase carousel","USABLE WITH OPTIMISATION",,"PENDING OWNER REVIEW",false,false,"MANUAL REVIEW","Imported asset candidate."
ASSET-STUDENTWORK-299,"public/assets/student-work/BJP-&-ABVP-Internship-10.webp","BJP-&-ABVP-Internship-10.webp",webp,image,38972,500,500,1.00,SQUARE,false,"Student work","Student project showcase carousel","USABLE WITH OPTIMISATION",,"PENDING OWNER REVIEW",false,false,"MANUAL REVIEW","Imported asset candidate."
ASSET-STUDENTWORK-300,"public/assets/student-work/BJP-&-ABVP-Internship-2.jpg","BJP-&-ABVP-Internship-2.jpg",jpg,image,24694,500,500,1.00,SQUARE,false,"Student work","Student project showcase carousel","USABLE WITH OPTIMISATION",,"PENDING OWNER REVIEW",false,false,"MANUAL REVIEW","Imported asset candidate."
ASSET-STUDENTWORK-301,"public/assets/student-work/BJP-&-ABVP-Internship-2.webp","BJP-&-ABVP-Internship-2.webp",webp,image,38276,500,500,1.00,SQUARE,false,"Student work","Student project showcase carousel","USABLE WITH OPTIMISATION",,"PENDING OWNER REVIEW",false,false,"MANUAL REVIEW","Imported asset candidate."
ASSET-STUDENTWORK-302,"public/assets/student-work/BJP-&-ABVP-Internship-3.jpg","BJP-&-ABVP-Internship-3.jpg",jpg,image,21802,500,500,1.00,SQUARE,false,"Student work","Student project showcase carousel","USABLE WITH OPTIMISATION",,"PENDING OWNER REVIEW",false,false,"MANUAL REVIEW","Imported asset candidate."
ASSET-STUDENTWORK-303,"public/assets/student-work/BJP-&-ABVP-Internship-3.webp","BJP-&-ABVP-Internship-3.webp",webp,image,31880,500,500,1.00,SQUARE,false,"Student work","Student project showcase carousel","USABLE WITH OPTIMISATION",,"PENDING OWNER REVIEW",false,false,"MANUAL REVIEW","Imported asset candidate."
ASSET-STUDENTWORK-304,"public/assets/student-work/BJP-&-ABVP-Internship-4.jpg","BJP-&-ABVP-Internship-4.jpg",jpg,image,22521,500,500,1.00,SQUARE,false,"Student work","Student project showcase carousel","USABLE WITH OPTIMISATION",,"PENDING OWNER REVIEW",false,false,"MANUAL REVIEW","Imported asset candidate."
ASSET-STUDENTWORK-305,"public/assets/student-work/BJP-&-ABVP-Internship-4.webp","BJP-&-ABVP-Internship-4.webp",webp,image,35658,500,500,1.00,SQUARE,false,"Student work","Student project showcase carousel","USABLE WITH OPTIMISATION",,"PENDING OWNER REVIEW",false,false,"MANUAL REVIEW","Imported asset candidate."
ASSET-STUDENTWORK-306,"public/assets/student-work/BJP-&-ABVP-Internship-5.jpg","BJP-&-ABVP-Internship-5.jpg",jpg,image,38490,500,500,1.00,SQUARE,false,"Student work","Student project showcase carousel","USABLE WITH OPTIMISATION",,"PENDING OWNER REVIEW",false,false,"MANUAL REVIEW","Imported asset candidate."
ASSET-STUDENTWORK-307,"public/assets/student-work/BJP-&-ABVP-Internship-5.webp","BJP-&-ABVP-Internship-5.webp",webp,image,66670,500,500,1.00,SQUARE,false,"Student work","Student project showcase carousel","USABLE WITH OPTIMISATION",,"PENDING OWNER REVIEW",false,false,"MANUAL REVIEW","Imported asset candidate."
ASSET-STUDENTWORK-308,"public/assets/student-work/BJP-&-ABVP-Internship-6.jpg","BJP-&-ABVP-Internship-6.jpg",jpg,image,27522,500,500,1.00,SQUARE,false,"Student work","Student project showcase carousel","USABLE WITH OPTIMISATION",,"PENDING OWNER REVIEW",false,false,"MANUAL REVIEW","Imported asset candidate."
ASSET-STUDENTWORK-309,"public/assets/student-work/BJP-&-ABVP-Internship-6.webp","BJP-&-ABVP-Internship-6.webp",webp,image,44674,500,500,1.00,SQUARE,false,"Student work","Student project showcase carousel","USABLE WITH OPTIMISATION",,"PENDING OWNER REVIEW",false,false,"MANUAL REVIEW","Imported asset candidate."
ASSET-STUDENTWORK-310,"public/assets/student-work/BJP-&-ABVP-Internship-7.jpg","BJP-&-ABVP-Internship-7.jpg",jpg,image,20810,500,500,1.00,SQUARE,false,"Student work","Student project showcase carousel","USABLE WITH OPTIMISATION",,"PENDING OWNER REVIEW",false,false,"MANUAL REVIEW","Imported asset candidate."
ASSET-STUDENTWORK-311,"public/assets/student-work/BJP-&-ABVP-Internship-7.webp","BJP-&-ABVP-Internship-7.webp",webp,image,30472,500,500,1.00,SQUARE,false,"Student work","Student project showcase carousel","USABLE WITH OPTIMISATION",,"PENDING OWNER REVIEW",false,false,"MANUAL REVIEW","Imported asset candidate."
ASSET-STUDENTWORK-312,"public/assets/student-work/BJP-&-ABVP-Internship-8.jpg","BJP-&-ABVP-Internship-8.jpg",jpg,image,25036,500,500,1.00,SQUARE,false,"Student work","Student project showcase carousel","USABLE WITH OPTIMISATION",,"PENDING OWNER REVIEW",false,false,"MANUAL REVIEW","Imported asset candidate."
ASSET-STUDENTWORK-313,"public/assets/student-work/BJP-&-ABVP-Internship-8.webp","BJP-&-ABVP-Internship-8.webp",webp,image,35740,500,500,1.00,SQUARE,false,"Student work","Student project showcase carousel","USABLE WITH OPTIMISATION",,"PENDING OWNER REVIEW",false,false,"MANUAL REVIEW","Imported asset candidate."
ASSET-STUDENTWORK-314,"public/assets/student-work/BJP-&-ABVP-Internship-9.jpg","BJP-&-ABVP-Internship-9.jpg",jpg,image,24160,500,500,1.00,SQUARE,false,"Student work","Student project showcase carousel","USABLE WITH OPTIMISATION",,"PENDING OWNER REVIEW",false,false,"MANUAL REVIEW","Imported asset candidate."
ASSET-STUDENTWORK-315,"public/assets/student-work/BJP-&-ABVP-Internship-9.webp","BJP-&-ABVP-Internship-9.webp",webp,image,34004,500,500,1.00,SQUARE,false,"Student work","Student project showcase carousel","USABLE WITH OPTIMISATION",,"PENDING OWNER REVIEW",false,false,"MANUAL REVIEW","Imported asset candidate."
ASSET-TOOLSLOGO-316,"public/assets/tools-logo/Tools-Banner---1920-x-700.jpg","Tools-Banner---1920-x-700.jpg",jpg,image,68805,1920,700,2.74,PANORAMIC,false,"Company logo","Syllabus tool outline icon","GOOD",,"PENDING OWNER REVIEW",false,false,"MANUAL REVIEW","Imported asset candidate."
ASSET-TOOLSLOGO-317,"public/assets/tools-logo/Tools-Banner---1920-x-700.webp","Tools-Banner---1920-x-700.webp",webp,image,68734,1920,700,2.74,PANORAMIC,false,"Company logo","Syllabus tool outline icon","GOOD",,"PENDING OWNER REVIEW",false,false,"MANUAL REVIEW","Imported asset candidate."
ASSET-TOOLSLOGO-318,"public/assets/tools-logo/Tools-banner-mobile-view.jpg","Tools-banner-mobile-view.jpg",jpg,image,74972,1080,1620,0.67,PORTRAIT,false,"Company logo","Syllabus tool outline icon","GOOD",,"PENDING OWNER REVIEW",false,false,"MANUAL REVIEW","Imported asset candidate."
ASSET-TOOLSLOGO-319,"public/assets/tools-logo/Tools-banner-mobile-view.webp","Tools-banner-mobile-view.webp",webp,image,70120,1080,1620,0.67,PORTRAIT,false,"Company logo","Syllabus tool outline icon","GOOD",,"PENDING OWNER REVIEW",false,false,"MANUAL REVIEW","Imported asset candidate."